HomeTeam,AwayTeam,HTotalShot,ATotalShot,HSoT,ASoT,HM,AM,HBS,ABS,HCK,ACK,HDP,ADP,HAccCrs,AAccCrs,HPTB,APTB,HI,AI,HRes,ARes,HSave,ASave,1stHalfGoals,1st15m,2nd15m
Liverpool,Norwich,6,7,4,2,1,4,1,1,5,1,6,7,4,1,8,7,4,6,3,20,2,1,4,0,1
West Ham United,Manchester City,1,8,1,4,0,2,0,2,0,1,1,7,0,1,8,12,5,6,7,9,3,1,1,1,1
Crystal Palace,Everton,3,6,0,1,0,2,3,3,3,2,3,4,1,3,11,6,5,6,15,8,1,0,0,0,0
Burnley,Southampton,2,6,0,2,2,2,0,2,0,2,1,2,1,2,10,4,9,8,3,8,2,0,0,0,1
Bournemouth,Sheffield United,3,4,0,2,3,1,0,1,1,1,3,4,0,2,6,4,7,10,6,7,2,0,0,0,1
Watford,BHA,5,3,1,1,4,2,0,0,3,0,2,2,1,0,1,11,4,5,7,14,1,1,1,0,1
Tottenham,Aston Villa,7,5,1,4,6,0,0,1,4,0,4,5,2,1,6,16,2,6,3,15,3,1,1,0,1
Newcastle,Arsenal,9,8,2,2,4,4,3,2,5,3,7,8,1,1,26,11,20,6,17,22,1,2,0,1,0
Leicester,Wolverhampton,7,2,0,0,5,2,2,0,3,1,5,2,3,0,9,7,2,6,7,10,0,0,0,0,0
Manchester United,Chelsea,5,8,2,3,2,4,1,1,1,1,4,5,1,1,7,11,8,7,10,6,3,1,1,0,1
Arsenal,Burnley,7,10,4,4,1,2,2,4,5,4,6,6,3,6,7,7,3,4,15,15,2,3,2,0,1
BHA,West Ham United,7,2,2,0,3,2,2,0,3,0,5,1,4,0,11,7,6,9,6,4,0,2,0,0,1
Southampton,Liverpool,6,5,1,2,4,2,1,1,3,2,4,4,3,1,6,3,4,6,7,18,1,1,1,0,1
Norwich,Newcastle United,7,5,4,2,2,3,1,0,3,1,6,4,2,2,9,8,1,5,8,7,2,3,1,0,1
Everton ,Watford,6,3,2,1,2,2,2,0,3,4,3,2,2,4,10,16,3,4,10,8,1,1,1,0,0
Aston Villa,Bournemouth,10,7,3,3,3,4,4,0,8,2,6,5,5,1,2,7,4,5,9,14,1,3,2,0,1
Manchester City,Tottenham,13,1,5,1,3,0,5,0,4,0,12,1,4,0,12,10,8,4,5,12,0,3,3,1,0
Sheffield,Crystal Palace,11,2,1,1,4,0,6,1,3,4,7,0,3,2,12,5,9,3,15,16,1,1,0,1,0
Chelsea,Leicester City,6,1,3,0,2,0,1,1,3,2,5,1,4,0,17,15,3,7,12,13,0,2,1,0,1
Wolverhampton,Manchester United,1,2,0,1,0,1,1,0,2,2,0,2,0,1,10,12,9,3,10,4,0,0,1,1,0
Aston Villa,Everton,5,5,1,0,2,2,2,3,0,2,5,5,1,0,8,7,6,3,11,4,0,0,1,0,0
Norwich,Chelsea,4,10,4,4,0,1,0,5,0,4,3,5,0,3,7,12,3,5,14,5,2,2,4,0,1
BHA,Southampton,4,2,1,1,1,1,2,0,5,2,4,1,3,1,9,11,11,3,5,8,1,1,0,1,0
Sheffield,Leicester City,3,8,1,1,2,4,0,3,3,1,3,6,2,2,10,6,11,6,5,14,0,1,1,0,1
Watford,West Ham United,13,8,1,4,5,3,7,1,6,4,13,7,5,3,9,7,4,5,7,10,3,0,2,0,1
Manchester United,Crystal Palace,9,3,0,2,6,0,3,1,4,1,5,1,1,1,4,11,5,6,4,11,1,0,1,0,0
Liverpool,Arsenal,15,5,2,2,5,2,8,1,6,0,12,3,6,0,16,10,3,1,3,21,2,1,1,1,0
Bournemouth,Manchester City,5,10,4,3,1,3,0,4,1,3,2,10,0,4,4,12,9,5,8,8,1,3,3,0,1
Tottenham,Newcastle United,3,4,1,2,2,1,0,1,3,3,1,3,3,1,5,11,4,8,2,22,1,1,1,0,0
Wolverhampton,Burnley,6,9,0,4,3,3,3,2,3,2,5,6,3,4,4,5,0,4,18,9,3,0,1,0,0
Southampton,Manchester United,5,9,0,4,3,4,2,1,0,1,3,8,1,2,12,10,13,2,9,11,3,0,1,1,0
Chelsea,Sheffield United,9,3,3,0,3,3,3,0,1,2,5,1,2,1,5,5,7,6,6,12,0,1,2,1,0
Crystal Palace,Aston Villa,8,3,3,1,4,1,1,1,5,0,5,1,6,2,7,7,2,5,10,14,1,3,0,0,1
Newcastle,Watford,5,6,1,1,0,2,4,3,2,3,4,3,3,2,3,8,6,5,7,10,0,0,2,0,0
West Ham United,Norwich,4,3,1,1,2,2,1,0,3,0,4,2,2,0,16,7,3,5,3,4,1,0,1,1,0
Manchester City,BHA,8,3,4,1,4,0,0,2,5,0,8,2,1,1,10,13,4,4,9,9,1,2,2,1,0
Leicester,Bournemouth,8,6,3,1,3,2,2,3,1,2,8,6,1,0,13,5,10,10,15,11,0,1,3,0,1
Burnley,Liverpool,4,7,1,4,2,1,1,2,5,1,3,6,0,2,9,3,7,3,13,10,3,1,2,0,0
Everton ,Wolverhampton,6,6,3,4,1,1,2,1,2,5,5,4,4,2,7,7,5,3,26,11,3,1,3,0,1
Arsenal,Tottenham,9,8,3,7,4,1,2,0,5,2,5,4,3,0,13,6,5,5,4,10,5,2,3,0,1
Liverpool,Newcastle United,10,2,3,1,6,1,1,0,5,0,8,2,4,0,8,12,3,3,0,19,0,1,3,0,1
Sheffield,Southampton,9,6,3,3,4,2,2,1,6,2,8,5,3,3,13,9,7,4,14,14,3,3,0,0,1
Manchester United,Leicester City,3,4,2,3,1,1,0,0,2,5,1,2,1,0,9,12,5,2,15,7,3,1,1,0,0
Wolverhampton,Chelsea,1,6,0,3,1,1,0,2,0,3,1,6,2,2,5,14,7,9,7,10,0,0,3,1,1
BHA ,Burnley,5,4,2,0,2,4,1,0,1,4,4,4,1,2,10,10,8,5,9,14,0,2,0,1,0
Tottenham,Crystal Palace,8,4,4,2,4,1,0,1,1,2,7,2,3,1,6,6,7,11,8,7,2,1,4,0,0
Norwich,Manchester City,4,7,2,2,1,3,1,2,3,3,4,4,2,2,8,9,9,3,17,4,1,0,3,1,0
Bournemouth,Everton,10,7,4,2,4,4,2,1,4,3,8,7,1,3,7,11,4,7,16,8,1,3,2,0,1
Watford,Arsenal,8,3,5,2,3,1,0,0,3,1,6,3,1,0,5,8,8,4,6,8,0,5,2,1,0
Aston Villa,West Ham United,5,7,3,1,1,3,1,3,1,3,4,6,2,4,3,12,6,6,7,5,1,3,0,0,0
Southampton,Bournemouth,10,4,3,2,3,0,4,2,2,4,8,3,2,1,12,3,5,9,6,15,0,3,2,1,0
Leicester,Tottenham,9,5,4,3,3,2,2,0,5,1,7,5,1,0,10,8,6,4,8,9,2,4,1,1,0
Everton ,Sheffield United,10,0,2,0,5,0,3,0,6,1,8,0,5,0,6,7,3,9,6,27,0,2,1,0,0
Manchester City,Watford,14,2,6,2,5,0,3,0,3,2,10,1,5,0,9,0,4,8,2,10,2,1,5,1,1
Burnley,Norwich,6,5,5,1,0,3,1,1,5,1,6,3,7,1,7,6,6,3,9,11,1,3,2,0,0
Newcastle,BHA,4,8,1,1,2,2,1,5,3,3,4,7,2,2,7,7,7,8,14,4,1,1,0,0,0
West Ham United,Manchester United,4,2,3,1,0,0,1,1,1,4,4,2,0,1,9,7,4,4,11,10,1,2,1,0,0
Crystal Palace,Wolverhampton,1,7,1,2,0,1,0,4,3,5,1,4,1,2,13,21,5,8,12,7,2,1,0,0,0
Chelsea,Liverpool,4,3,1,2,1,0,2,1,3,1,2,3,1,1,3,4,8,5,3,10,0,1,2,0,1
Arsenal,Aston Villa,6,7,2,5,2,1,2,1,3,2,6,5,1,1,6,8,4,6,5,8,4,2,1,1,1
Sheffield,Liverpool,4,7,1,0,2,6,1,1,2,3,2,2,3,1,7,4,7,4,14,11,0,1,0,0,1
Tottenham,Southampton,7,9,3,3,2,4,2,2,3,1,7,6,1,2,12,15,4,6,8,7,2,1,3,0,0
Bournemouth,West Ham United,3,7,1,2,2,2,0,3,3,5,3,5,3,1,4,14,3,7,8,7,1,0,2,1,1
Wolverhampton,Watford,3,4,1,0,2,3,0,1,1,2,3,4,1,0,13,10,7,1,12,4,0,0,1,0,1
Aston Villa,Burnley,10,4,2,1,6,2,2,1,3,1,9,2,2,2,6,5,3,6,8,9,1,1,1,0,1
Crystal Palace,Norwich,5,6,2,2,2,0,1,4,0,4,3,5,2,1,8,10,6,7,8,9,2,1,1,0,0
Chelsea,BHA,17,0,4,0,4,0,9,0,3,0,11,0,2,0,5,12,5,6,7,21,0,4,0,1,1
Everton ,Manchester City,6,11,4,6,1,3,1,2,0,1,5,11,0,3,10,6,7,5,6,6,5,2,2,0,1
Leicester,Newcastle United,7,3,2,0,3,3,2,0,4,0,3,2,2,0,6,7,5,7,3,12,0,1,1,1,1
Manchester United,Arsenal,5,4,2,3,0,1,3,0,2,2,3,2,1,1,8,10,5,5,3,6,3,1,1,1,0
BHA ,Tottenham,11,2,4,1,2,1,5,0,2,0,7,2,4,1,9,11,5,4,5,6,1,2,2,0,1
Liverpool,Leicester City,7,0,4,0,3,0,0,0,2,4,6,0,3,1,13,7,9,11,12,16,0,3,1,0,0
Norwich,Aston Villa,12,16,3,9,3,5,6,2,4,3,7,9,1,3,10,5,3,5,13,15,7,3,2,1,1
Burnley,Everton,2,6,1,1,1,3,0,2,1,6,2,4,4,2,7,3,7,3,11,6,1,1,0,0,1
Watford,Sheffield United,4,4,0,2,3,2,1,0,4,6,4,2,2,5,9,11,4,3,23,12,2,0,0,0,0
West Ham United,Crystal Palace,4,4,2,2,2,0,0,2,1,2,4,3,2,2,9,5,5,4,8,10,1,3,0,1,1
Southampton,Chelsea,6,7,2,4,3,3,1,0,3,0,3,3,0,1,12,3,3,6,5,11,1,0,4,0,0
Manchester City,Wolverhampton,6,4,2,0,2,2,2,2,3,0,4,2,2,0,8,10,6,4,2,17,0,2,0,0,0
Arsenal,Bournemouth,8,3,2,0,3,3,3,0,8,1,7,3,1,2,8,5,4,9,2,16,0,1,1,0,0
Newcastle,Manchester United,8,3,0,1,3,1,5,1,4,2,7,3,2,1,7,5,7,7,6,3,1,0,0,0,1
Everton ,West Ham United,11,2,5,1,2,1,4,0,6,0,8,1,2,0,15,8,8,3,3,17,1,4,1,0,0
Chelsea,Newcastle United,5,3,2,0,2,2,1,1,3,0,4,2,2,3,14,9,4,4,6,12,0,2,0,0,1
Wolverhampton,Southampton,2,8,0,1,2,4,0,3,0,1,1,7,0,2,6,4,5,7,6,7,1,0,0,1,1
Tottenham,Watford,4,2,1,1,2,0,1,1,1,1,4,1,5,2,3,5,4,7,3,22,0,1,1,0,0
Leicester,Burnley,8,8,2,2,5,1,1,5,6,3,7,4,4,1,9,7,6,5,7,16,1,1,2,0,1
Bournemouth,Norwich,5,1,1,0,3,0,1,1,4,3,2,1,4,1,9,8,5,6,6,17,0,1,0,0,0
Aston Villa,BHA,9,11,5,4,2,4,2,3,5,5,5,9,3,5,1,6,7,3,12,14,3,4,2,0,0
Crystal Palace,Manchester City,2,11,0,7,1,3,1,1,0,4,1,10,0,6,3,6,14,1,17,0,5,0,2,0,0
Manchester United,Liverpool,4,4,2,2,1,2,1,0,2,0,4,4,2,1,4,13,3,6,8,13,2,1,1,0,0
Sheffield,Arsenal,2,4,1,1,1,2,0,1,6,6,1,3,2,4,9,13,8,2,6,11,1,0,1,0,0
Southampton,Leicester City,2,15,1,8,1,3,0,4,0,2,1,9,0,1,12,17,9,2,6,4,3,1,5,1,1
Manchester City,Aston Villa,11,4,2,1,5,0,4,3,6,4,9,2,6,1,7,3,3,10,9,15,1,2,0,1,1
West Ham United,Sheffield United,3,6,1,2,2,2,0,2,7,2,3,5,2,3,5,5,7,8,3,15,2,0,1,0,1
Watford,Bournemouth,3,7,1,3,1,2,1,2,1,6,1,5,0,4,7,10,5,10,13,7,3,1,0,0,0
BHA ,Everton,3,6,1,3,1,2,1,1,0,2,2,5,1,1,10,10,11,8,2,8,3,0,2,0,1
Burnley,Chelsea,4,8,1,4,3,2,0,2,3,2,3,5,1,1,5,6,7,7,9,10,2,1,2,1,0
Newcastle,Wolverhampton,9,3,1,2,5,1,3,0,2,3,6,3,6,2,6,12,1,5,17,9,2,0,1,0,1
Norwich,Manchester United,4,12,1,8,3,2,0,2,1,6,4,6,0,2,18,7,5,0,7,7,6,1,2,0,1
Liverpool,Tottenham,10,4,5,1,2,1,3,2,4,0,8,1,5,0,6,6,7,6,3,19,0,6,1,1,1
Arsenal,Crystal Palace,7,5,3,3,4,1,0,1,7,2,5,3,4,2,12,8,4,4,8,11,2,1,3,1,0
Bournemouth,Manchester United,13,15,6,4,4,6,3,5,4,10,8,14,3,5,13,18,19,12,33,11,4,5,1,0,0
West Ham United,Newcastle United,5,7,2,6,3,1,0,0,5,3,5,7,5,1,4,6,3,5,7,17,4,2,2,1,1
Sheffield,Burnley,6,2,3,0,3,2,0,0,2,3,6,1,4,0,10,2,3,1,11,10,0,0,3,0,0
Manchester City,Southampton,14,3,0,3,5,0,9,0,7,0,6,2,7,1,6,7,2,7,3,37,2,0,1,0,1
BHA ,Norwich,10,4,2,0,5,2,3,2,6,1,6,4,5,1,10,5,5,4,1,9,0,2,0,0,1
Aston Villa,Liverpool,3,5,2,1,1,3,0,1,1,4,2,4,2,2,8,8,8,3,17,6,1,1,1,0,0
Arsenal,Wolverhampton,7,13,4,3,2,4,1,6,2,3,4,7,3,2,8,6,4,7,12,8,3,3,1,0,1
Watford,Chelsea,5,7,1,5,2,1,2,1,1,4,2,3,3,1,6,11,6,4,12,8,4,1,1,1,0
Crystal Palace,Leicester City,6,8,1,2,3,4,2,2,2,4,3,7,0,4,9,12,5,4,6,10,2,1,0,1,0
Everton ,Tottenham,4,3,1,0,2,2,1,1,2,2,4,3,4,2,11,7,5,6,7,5,0,1,0,0,1
Norwich,Watford,8,9,3,1,4,5,1,3,4,2,4,6,2,3,7,11,3,11,3,14,0,3,1,1,0
Chelsea,Crystal Palace,11,0,2,0,5,0,4,0,4,0,4,0,3,0,7,9,4,6,3,14,0,2,0,1,1
Tottenham,Sheffield United,8,10,0,3,5,5,3,2,2,4,7,7,1,2,4,13,3,5,12,10,3,0,0,1,1
Southampton,Everton,0,12,0,1,0,5,0,6,0,4,0,9,0,5,6,11,3,5,14,7,0,0,1,1,1
Newcastle,Bournemouth,12,8,4,3,5,4,3,1,1,1,6,6,2,2,7,7,4,6,9,17,2,3,2,1,0
Burnley,West Ham United,6,0,5,0,0,0,1,0,4,2,4,0,4,0,3,5,4,6,10,10,0,3,2,1,0
Leicester,Arsenal,9,6,2,1,5,2,2,3,2,1,7,5,3,1,7,10,6,4,2,6,1,2,0,0,1
Wolverhampton,Aston Villa,8,2,3,2,3,0,2,0,1,0,5,1,1,2,6,12,5,5,11,8,7,2,1,0,0
Manchester United,BHA,5,4,1,3,4,0,0,1,3,1,5,4,1,2,12,16,4,5,5,8,0,2,2,0,1
Liverpool,Manchester City,8,9,4,2,4,5,0,2,2,5,6,5,3,3,8,5,3,6,14,10,2,2,2,1,1
West Ham United,Tottenham,2,12,0,4,2,5,0,3,0,6,2,10,1,3,10,10,5,5,9,1,2,1,2,1,1
Watford,Burnley,7,1,2,0,2,0,3,1,3,1,4,1,3,2,4,4,1,5,11,12,0,2,0,1,0
Everton ,Norwich,6,6,2,3,3,1,1,2,5,5,5,5,5,2,8,8,3,4,8,9,3,2,0,1,0
Crystal Palace,Liverpool,5,4,1,0,3,2,1,2,4,5,4,4,5,3,7,13,2,0,21,15,0,1,0,1,0
BHA ,Leicester City,1,11,0,2,1,7,0,2,2,6,1,7,1,4,6,5,5,3,9,7,2,0,0,0,1
Bournemouth,Wolverhampton,2,10,0,4,1,3,1,3,0,2,1,6,1,2,5,5,6,4,10,9,1,0,2,1,0
Arsenal,Southampton,3,10,1,2,1,6,1,2,1,3,2,8,4,2,10,9,9,8,7,8,1,0,2,0,1
Manchester City,Chelsea,9,6,2,2,5,3,2,1,2,1,7,3,3,2,8,6,5,10,8,12,1,0,3,0,0
Sheffield,Manchester United,7,1,5,1,0,0,2,0,5,1,4,1,2,0,6,7,9,5,4,14,1,4,1,1,1
Aston Villa,Newcastle United,5,5,3,2,0,2,2,1,4,3,5,3,1,1,10,6,5,5,10,16,2,1,2,0,0
Newcastle,Manchester City,3,9,2,4,1,3,0,2,1,4,2,7,0,4,7,6,7,1,22,8,3,1,2,0,0
Tottenham,Bournemouth,8,8,2,3,4,4,2,1,3,2,7,7,1,1,7,5,11,10,14,10,3,1,1,1,1
Liverpool,BHA,10,4,6,1,3,2,1,1,2,4,5,3,2,1,4,5,7,7,8,14,1,4,2,0,1
Chelsea,West Ham United,12,2,5,1,4,1,3,0,6,0,7,2,5,2,3,12,9,5,6,12,1,5,0,1,0
Burnley,Crystal Palace,3,4,1,1,1,3,1,0,0,3,3,3,0,2,7,10,12,8,6,10,0,1,1,0,1
Southampton,Watford,5,4,2,3,3,1,0,0,2,3,3,2,3,4,6,9,7,6,7,16,2,2,1,0,1
Wolverhampton,Sheffield United,7,4,1,2,2,2,4,0,3,2,3,3,3,4,11,6,5,8,10,17,1,2,1,0,1
Norwich,Arsenal,5,8,3,4,2,1,0,3,1,7,4,5,0,7,5,4,6,4,20,3,2,1,3,1,0
Manchester United,Aston Villa,4,5,1,2,3,2,0,1,2,4,2,4,1,3,5,4,6,4,6,6,1,1,2,0,1
Leicester,Everton,6,3,1,1,3,1,2,1,1,1,3,3,2,3,13,9,6,9,2,20,0,1,1,0,1
Crystal Palace,Bournemouth,3,3,0,2,2,1,1,0,4,2,1,2,0,1,10,16,5,4,10,11,2,0,0,0,1
Burnley,Manchester City,2,8,0,5,1,1,1,2,1,4,2,7,1,2,8,4,9,3,16,12,4,0,1,1,1
Southampton,Norwich,10,1,4,0,3,1,3,0,6,0,8,1,5,0,12,8,6,8,4,20,0,2,2,0,1
Chelsea,Aston Villa,9,3,4,2,3,0,2,1,3,3,5,2,4,2,6,11,5,9,10,12,1,3,2,1,0
Manchester United,Tottenham,8,3,4,2,3,1,1,0,3,0,4,0,2,1,10,6,11,10,4,14,1,3,2,1,0
Wolverhampton,West Ham United,5,2,3,2,2,0,0,0,3,4,5,2,4,2,7,15,5,11,9,11,2,2,1,0,0
Leicester,Watford,3,2,1,0,2,0,0,2,2,1,2,2,0,3,5,9,7,10,12,15,0,1,0,1,0
Liverpool,Everton,5,8,4,2,1,5,0,1,1,3,5,5,1,2,7,10,3,8,16,7,0,0,6,0,0
Sheffield,Newcastle United,7,2,4,1,2,0,1,1,5,1,6,2,5,1,5,3,0,7,10,22,0,4,1,0,1
Arsenal,BHA,5,8,2,5,3,1,0,2,4,5,5,5,3,2,6,5,6,5,9,13,4,2,1,1,0
Everton ,Chelsea,4,4,2,1,1,2,1,1,1,3,3,4,2,4,17,7,6,2,10,10,1,1,1,1,0
Watford,Crystal Palace,3,1,0,0,0,1,3,0,3,0,2,0,3,0,11,7,7,5,3,12,0,0,1,1,0
Tottenham,Burnley,8,5,4,1,2,3,2,1,1,1,8,4,2,4,8,8,5,3,13,7,1,1,3,1,1
Bournemouth,Liverpool,2,11,0,5,1,4,1,2,1,2,2,10,1,3,6,5,7,3,18,3,3,0,2,1,0
Manchester City,Manchester United,12,7,2,5,3,2,7,0,4,0,8,6,2,0,6,5,6,7,2,20,3,2,2,0,0
Norwich,Sheffield United,8,4,3,1,2,3,3,0,6,0,7,3,2,2,10,5,2,6,8,16,1,2,1,1,0
Newcastle,Southampton,4,5,2,2,0,3,2,0,2,4,3,0,1,0,7,9,12,2,14,8,2,2,0,1,1
Aston Villa,Leicester City,6,10,1,4,3,2,2,4,5,3,6,9,4,3,8,9,5,4,9,17,2,0,3,1,1
BHA ,Wolverhampton,8,6,4,4,2,2,2,0,2,3,5,5,4,1,8,3,6,6,5,2,2,2,4,0,0
West Ham United,Arsenal,5,2,2,0,2,2,1,0,2,1,2,2,2,1,10,10,10,3,6,8,0,1,1,0,1
Liverpool,Watford,4,4,1,0,3,4,0,0,2,2,2,2,0,1,12,13,4,6,8,18,0,0,1,0,0
Sheffield,Aston Villa,2,0,0,0,1,0,1,0,0,1,0,0,2,0,6,6,6,8,7,23,0,0,0,1,1
Leicester,Norwich,6,5,2,2,4,1,0,2,4,1,5,4,5,0,11,10,7,3,9,8,1,2,2,0,0
Chelsea,Bournemouth,9,4,2,1,3,0,4,3,5,2,6,3,6,1,6,3,9,6,13,21,1,2,0,0,0
Burnley,Newcastle United,4,4,2,0,1,3,1,1,3,1,4,3,1,2,6,6,7,4,13,8,0,2,0,1,0
Southampton,West Ham United,3,5,1,1,2,2,0,2,1,4,3,5,4,4,7,8,6,8,13,12,0,1,1,0,0
Wolverhampton,Tottenham,9,5,2,3,2,1,5,1,6,1,6,5,1,0,11,8,6,3,1,24,2,2,1,0,1
Manchester United,Everton,9,5,2,2,4,3,3,0,2,4,7,5,1,2,5,11,2,6,14,13,2,2,1,0,1
Arsenal,Manchester City,3,6,1,4,1,1,1,1,2,1,0,4,1,1,7,8,5,3,7,13,1,1,3,0,0
Crystal Palace,BHA,0,6,0,4,0,2,0,0,0,3,0,4,1,3,8,6,6,5,17,3,4,0,0,1,1
Everton ,Arsenal,5,1,0,0,3,1,2,0,2,0,2,1,2,0,7,7,9,4,7,9,0,0,0,0,0
Norwich,Wolverhampton,9,4,6,1,3,0,0,3,3,5,7,4,1,2,11,11,5,6,7,4,1,5,1,0,1
Newcastle,Crystal Palace,6,6,2,1,2,3,2,2,0,1,5,5,2,2,11,7,6,2,9,7,1,2,0,0,0
BHA ,Sheffield United,3,3,1,1,2,2,0,0,0,3,2,2,1,2,4,5,3,4,3,5,0,1,1,0,0
Bournemouth,Burnley,1,1,0,0,1,0,0,1,0,4,1,0,0,2,5,5,5,5,21,10,0,0,0,0,0
Aston Villa,Southampton,6,9,2,4,4,3,0,2,1,5,5,5,3,3,4,8,7,3,18,10,2,2,2,1,1
Manchester City,Leicester City,13,3,7,2,5,1,1,0,4,1,11,3,4,0,10,6,5,5,2,12,1,5,3,0,1
Watford,Manchester United,3,4,0,0,1,2,2,2,2,2,2,4,2,0,11,6,9,6,6,17,0,0,0,1,0
Tottenham,Chelsea,2,8,0,2,2,4,0,2,0,4,1,6,1,3,11,6,8,8,11,2,0,0,2,0,0
West Ham United,Liverpool,1,6,0,1,1,2,0,3,0,3,1,3,2,3,12,7,4,6,9,3,0,0,1,1,0
Tottenham,BHA,5,5,1,3,1,1,3,1,4,2,3,4,3,3,9,8,4,7,9,16,2,1,1,1,1
Everton ,Burnley,12,2,2,0,4,2,6,0,7,2,9,2,6,2,4,5,2,4,4,13,0,2,0,0,0
Crystal Palace,West Ham United,3,3,0,1,2,1,1,1,2,4,1,3,1,3,12,13,9,9,9,12,1,0,0,1,1
Chelsea,Southampton,3,2,1,1,1,0,1,1,2,0,3,2,3,1,12,14,5,3,4,13,0,1,1,0,1
Bournemouth,Arsenal,6,9,2,0,3,4,1,5,5,2,3,6,1,2,6,4,7,4,11,8,0,1,1,0,1
Aston Villa,Norwich,6,7,0,3,3,2,3,2,2,1,6,4,3,1,6,4,3,5,5,16,3,0,0,0,1
Sheffield,Watford,7,2,3,1,2,1,2,0,2,0,6,1,5,1,8,5,1,4,3,8,0,2,2,0,0
Manchester United,Newcastle United,13,4,5,2,4,2,4,0,5,0,9,4,3,0,8,12,3,3,2,16,1,2,4,1,0
Leicester,Liverpool,0,8,0,3,0,4,0,1,1,5,0,7,0,3,8,3,3,4,19,8,2,0,1,0,1
Wolverhampton,Manchester City,8,3,3,2,1,1,4,0,1,0,7,1,4,0,9,7,3,10,1,11,1,3,1,1,1
BHA ,Bournemouth,7,7,2,2,4,2,1,3,5,2,7,4,2,1,14,6,10,9,9,14,2,1,1,0,1
Watford,Aston Villa,11,3,4,1,3,0,4,2,4,2,8,3,3,3,5,5,1,8,1,19,1,3,1,0,1
Southampton,Crystal Palace,2,2,0,0,2,2,0,0,4,0,2,1,1,0,15,7,7,6,5,18,0,0,0,1,1
Newcastle,Everton,12,10,3,3,6,3,3,4,4,4,9,5,2,5,3,9,9,4,13,15,2,3,1,1,1
West Ham United,Leicester City,9,6,3,4,3,1,3,1,2,2,8,4,3,3,9,4,7,10,11,4,3,2,2,1,0
Norwich,Tottenham,5,5,2,2,3,1,0,2,4,2,4,5,1,0,9,12,4,6,13,7,2,1,1,1,1
Burnley,Manchester United,1,8,0,3,1,2,0,3,1,2,1,4,2,1,6,2,6,2,8,8,1,0,1,0,1
Arsenal,Chelsea,5,3,2,1,3,2,0,0,2,1,3,2,2,5,3,8,6,5,5,5,1,1,1,0,0
Liverpool,Wolverhampton,8,1,3,0,3,0,2,1,2,3,7,0,2,1,7,5,6,7,5,11,0,2,1,0,0
Manchester City,Sheffield United,7,5,0,0,3,4,4,1,5,4,6,4,2,3,4,5,1,10,7,18,0,0,0,1,0
Burnley,Aston Villa,5,6,0,4,3,1,2,1,1,4,3,5,1,1,1,8,3,1,10,12,2,0,2,0,0
BHA ,Chelsea,6,6,1,2,2,2,3,2,4,2,5,3,2,2,11,16,4,10,2,15,0,1,1,0,0
Watford,Wolverhampton,7,3,2,1,3,2,2,0,0,3,7,3,2,0,6,9,6,5,10,4,1,1,1,1,0
Southampton,Tottenham,9,8,3,4,2,2,4,2,3,6,7,5,4,1,11,11,8,5,15,13,4,2,1,0,0
Newcastle,Leicester City,4,9,2,5,1,2,1,2,3,4,4,7,1,2,9,12,9,5,18,10,3,2,2,0,1
West Ham United,Bournemouth,6,1,3,1,3,0,0,0,5,2,5,1,4,0,15,10,5,4,6,15,1,0,3,0,1
Norwich,Crystal Palace,9,5,3,1,5,0,1,4,0,2,6,4,2,2,14,9,8,3,16,3,1,2,1,0,0
Manchester City,Everton,7,2,3,1,4,1,0,0,2,2,6,2,1,1,5,7,7,8,3,8,1,3,0,1,1
Arsenal,Manchester United,7,3,3,2,4,0,0,0,1,1,5,2,5,1,7,6,10,5,6,6,2,1,2,0,0
Liverpool,Sheffield United,7,2,3,1,1,1,3,0,5,2,7,1,0,0,2,8,4,6,3,18,1,2,1,0,1
Sheffield,West Ham United,5,1,0,0,3,4,2,0,4,2,4,3,4,3,8,3,4,6,6,10,0,0,0,1,0
Crystal Palace,Arsenal,2,1,1,1,0,0,1,0,0,1,0,1,0,0,10,9,8,7,6,7,0,1,1,1,0
Wolverhampton,Newcastle United,5,4,2,1,2,2,1,1,2,0,4,4,2,2,5,6,7,4,4,17,0,1,2,0,0
Manchester United,Norwich,6,1,3,1,2,0,1,0,2,0,4,1,2,0,15,12,10,7,3,14,1,2,1,1,1
Leicester,Southampton,2,11,2,6,0,4,0,1,0,2,2,7,0,3,13,11,7,6,15,0,5,1,2,0,0
Everton ,BHA,7,2,4,1,2,1,1,0,0,1,6,1,1,0,10,3,5,3,10,13,1,3,1,0,0
Chelsea,Burnley,7,5,4,3,1,1,2,1,7,2,4,3,2,1,4,5,6,3,4,17,1,2,2,1,0
Tottenham,Liverpool,6,8,1,3,4,4,1,1,3,2,3,6,2,1,8,9,5,3,28,5,1,1,1,0,0
Bournemouth,Watford,4,5,1,2,2,2,1,1,4,3,2,5,2,4,4,8,6,3,6,17,1,1,1,0,1
Aston Villa,Manchester United,2,11,0,5,2,6,0,0,1,0,2,9,2,1,9,8,7,6,7,2,1,0,4,0,0
Watford,Tottenham,7,7,1,4,4,2,2,1,1,1,5,6,2,2,14,8,4,1,9,22,4,1,0,0,0
West Ham United,Everton,7,3,4,2,3,1,0,0,4,1,6,3,4,3,6,6,4,9,7,9,1,3,2,0,0
Southampton,Wolverhampton,5,4,4,1,1,2,0,1,0,3,4,3,3,3,8,9,8,7,11,3,1,2,2,1,1
Norwich,Bournemouth,8,2,2,1,3,1,3,0,1,0,4,2,1,1,4,6,7,14,6,8,1,0,1,0,0
Manchester City,Crystal Palace,11,1,3,1,5,0,3,0,8,1,9,1,10,1,8,9,6,2,1,19,0,3,1,0,0
BHA ,Aston Villa,7,3,1,0,2,3,4,0,1,2,6,1,2,1,7,9,9,6,6,13,0,0,1,0,1
Arsenal,Sheffield United,5,4,3,0,2,4,0,0,1,2,4,3,2,5,7,11,5,11,7,9,0,2,1,0,0
Newcastle,Chelsea,3,8,0,1,3,3,0,4,0,6,3,6,4,7,7,5,7,10,19,5,1,0,0,0,0
Burnley,Leicester City,3,4,2,2,1,1,0,1,2,3,2,5,1,2,12,10,6,7,6,18,1,2,1,1,1
Liverpool,Manchester United,6,3,2,1,3,2,1,0,8,0,4,2,2,1,12,8,5,9,2,16,1,1,1,0,0
Crystal Palace,Southampton,1,8,0,3,1,4,0,1,0,4,1,9,0,4,12,6,14,6,13,5,2,0,1,1,0
Sheffield,Manchester City,2,7,0,3,1,3,1,1,3,6,2,6,3,2,10,5,4,8,9,12,3,0,0,0,1
Everton ,Newcastle United,6,2,4,0,2,2,0,0,3,2,4,1,1,1,8,3,4,6,7,16,0,3,1,1,0
Bournemouth,BHA,6,9,1,2,2,3,3,4,4,2,5,7,0,3,2,7,12,4,3,6,2,0,2,0,1
Aston Villa,Watford,5,5,1,1,3,2,1,2,3,0,5,4,3,3,4,11,3,12,4,14,0,1,1,0,1
Chelsea,Arsenal,9,0,3,0,3,0,3,0,10,3,6,0,5,0,10,6,7,3,8,7,0,2,1,0,1
Tottenham,Norwich,7,5,2,0,2,5,3,0,3,1,6,5,3,2,8,10,10,5,6,12,0,1,1,0,1
Leicester,West Ham United,8,2,3,0,3,1,2,1,3,3,7,1,3,0,10,5,4,5,5,15,0,1,2,0,0
Manchester United,Burnley,11,3,3,1,5,2,3,0,3,1,9,2,2,2,5,4,5,8,7,4,0,3,1,1,0
Wolverhampton,Liverpool,3,5,0,1,2,0,1,4,2,1,2,4,2,2,5,6,4,5,0,14,0,0,1,1,0
Leicester,Chelsea,7,5,1,1,3,1,3,3,2,4,4,4,2,2,8,9,3,5,16,10,1,1,0,1,1
West Ham United,BHA,8,6,4,1,2,4,2,1,3,0,7,4,5,4,9,10,7,6,5,8,1,2,2,0,1
Watford,Everton,6,7,2,4,3,1,1,2,1,2,5,4,1,4,7,10,6,3,10,5,2,0,4,0,1
Newcastle,Norwich,6,10,2,3,1,3,3,4,2,7,4,5,2,3,8,6,5,4,13,16,3,2,0,0,0
Liverpool,Southampton,8,10,4,4,0,3,4,3,6,6,5,7,0,5,5,8,5,4,11,20,4,4,0,1,1
Crystal Palace,Sheffield United,6,0,1,0,4,0,1,0,4,1,5,0,1,2,4,11,4,7,5,10,0,1,0,1,0
Bournemouth,Aston Villa,11,6,6,1,2,3,3,2,0,4,4,5,3,3,5,4,11,6,16,8,1,4,2,0,1
Manchester United,Wolverhampton,5,7,1,2,3,3,1,2,1,3,2,4,0,4,8,13,2,10,8,6,2,1,0,0,0
Burnley,Arsenal,8,6,2,1,4,3,2,2,4,3,8,5,5,2,12,11,3,4,11,9,1,2,0,0,0
Tottenham,Manchester City,0,11,0,3,0,4,0,4,1,1,0,7,0,1,14,7,4,9,9,6,3,0,0,0,1
Everton ,Crystal Palace,5,3,3,0,1,2,1,1,0,2,3,3,2,2,12,7,8,5,9,12,0,2,1,1,0
BHA ,Watford,7,3,1,2,3,0,3,1,3,2,3,2,3,1,5,12,8,11,4,14,1,1,1,0,1
Sheffield,Bournemouth,11,5,4,1,2,3,5,1,6,1,5,3,7,2,5,2,4,6,7,24,0,2,2,0,0
Wolverhampton,Leicester City,7,3,2,2,4,1,1,0,3,0,5,3,3,3,9,12,8,8,6,5,2,2,0,0,0
Southampton,Burnley,5,4,1,3,2,1,2,0,2,1,3,3,2,3,6,11,2,7,5,13,2,0,2,0,0
Norwich,Liverpool,0,9,0,1,0,5,0,3,0,3,0,8,2,4,10,6,8,3,18,1,1,0,0,0,1
Aston Villa,Tottenham,10,11,1,3,5,4,4,4,7,1,6,8,3,1,6,18,6,6,6,16,1,1,3,1,0
Arsenal,Newcastle United,9,4,3,1,4,3,2,0,4,3,7,3,2,1,7,8,8,1,8,15,1,3,0,1,0
Chelsea,Manchester United,7,6,0,1,4,3,3,2,3,4,6,3,1,2,11,5,5,7,9,9,0,0,1,0,1
Manchester City,West Ham United,15,1,5,0,3,0,7,1,5,1,11,1,2,2,6,9,3,9,5,26,0,4,1,0,1
Chelsea,Tottenham,9,3,3,2,5,0,1,1,2,4,6,3,1,3,13,8,5,4,7,8,2,2,1,1,0
Southampton,Aston Villa,13,0,4,0,5,0,4,0,4,2,9,0,2,1,7,5,2,7,7,17,0,3,1,0,0
Sheffield,BHA,5,4,1,2,2,1,2,1,6,1,3,3,4,1,7,10,3,6,4,26,1,0,2,0,0
Crystal Palace,Newcastle United,11,5,6,1,3,2,2,2,3,3,8,4,4,1,9,7,6,7,7,9,1,5,1,0,0
Burnley,Bournemouth,7,8,4,3,0,2,3,3,4,2,5,6,0,5,15,3,7,5,14,13,3,4,0,1,1
Leicester,Manchester City,6,7,3,2,1,3,2,2,2,4,3,5,0,1,5,7,6,6,13,7,2,3,0,0,0
Wolverhampton,Norwich,10,3,4,2,3,0,3,1,4,0,6,3,3,0,13,8,8,4,3,5,2,2,2,1,0
Manchester United,Watford,10,3,4,1,5,1,1,1,0,2,7,2,0,1,10,12,5,8,3,2,1,3,1,1,1
Arsenal,Everton,6,7,3,2,3,3,0,2,4,2,6,5,2,3,4,10,5,7,8,6,0,1,4,1,0
Liverpool,West Ham United,12,2,2,1,6,1,4,0,7,6,10,1,5,4,18,12,2,6,10,27,0,1,2,1,1
Norwich,Leicester City,5,12,1,3,1,5,3,4,4,6,3,10,4,3,8,10,4,7,12,6,3,1,0,0,1
BHA ,Crystal Palace,9,6,5,1,3,2,1,3,3,4,8,5,1,3,10,11,4,4,8,10,1,5,0,0,1
West Ham United,Southampton,7,5,4,1,1,1,2,3,2,5,7,4,4,2,7,6,5,10,16,11,0,2,3,1,0
Newcastle,Burnley,10,3,2,0,2,1,6,2,4,4,6,3,3,2,5,5,7,3,8,9,0,2,0,0,0
Bournemouth,Chelsea,3,9,2,4,1,4,0,1,2,7,3,6,2,8,4,13,8,4,23,9,3,2,1,0,0
Watford,Liverpool,7,1,1,0,5,1,1,0,2,3,4,1,2,0,6,2,12,3,15,9,0,1,0,1,1
Tottenham,Wolverhampton,9,8,5,1,1,4,3,3,3,4,5,5,1,6,15,11,4,6,13,10,0,3,3,1,1
Everton ,Manchester United,4,8,2,2,2,3,0,3,1,3,2,6,2,2,7,10,6,4,8,6,1,1,2,0,0
Aston Villa,Sheffield United,6,1,2,0,3,1,1,0,5,2,5,1,6,3,4,6,3,1,8,9,0,2,0,0,0
Manchester City,Arsenal,9,2,6,0,2,2,1,0,3,1,5,2,1,1,3,9,7,8,3,5,0,5,1,1,0
Liverpool,Bournemouth,5,4,4,3,0,0,1,1,3,4,5,4,2,2,5,2,8,8,12,26,2,2,3,0,0
Wolverhampton,BHA,6,2,0,1,5,0,1,1,1,0,3,1,2,2,15,11,5,8,7,9,1,0,0,0,0
Southampton,Newcastle United,3,7,1,6,0,1,2,0,4,3,3,4,4,2,10,10,3,3,9,13,6,1,0,0,1
Sheffield,Norwich,8,4,4,0,3,2,1,2,9,1,4,3,3,1,5,10,5,4,7,23,0,2,1,0,0
Crystal Palace,Watford,4,5,1,1,0,1,3,3,6,3,4,3,2,1,12,8,7,3,14,14,1,0,1,0,0
Arsenal,West Ham United,3,5,0,2,2,2,1,1,6,5,3,3,1,2,7,7,1,5,7,16,2,0,0,0,1
Burnley,Tottenham,14,3,5,1,4,1,5,1,1,1,6,2,7,0,12,4,6,4,4,17,1,3,1,1,0
Chelsea,Everton,6,1,5,0,1,1,0,0,1,0,6,1,1,0,7,4,3,6,6,8,0,3,2,1,0
Manchester United,Manchester City,7,1,3,1,1,0,3,0,1,4,4,1,1,0,10,8,8,3,12,6,1,2,1,0,0
Leicester,Aston Villa,6,2,3,0,3,2,0,0,5,0,6,2,5,1,16,15,2,6,4,17,0,2,1,0,1
Norwich,Southampton,6,4,1,2,2,1,3,1,6,2,6,2,2,2,8,13,2,7,8,8,3,1,0,1,1
Tottenham,Manchester United,6,4,3,4,2,0,1,0,4,4,5,3,1,1,4,5,4,9,15,7,5,2,1,0,0
Watford,Leicester City,3,6,1,0,1,3,1,3,1,4,3,4,4,2,9,12,4,2,11,9,0,1,0,0,0
BHA ,Arsenal,3,5,1,1,1,3,1,1,5,2,2,2,1,1,14,1,4,3,10,10,1,1,0,0,1
West Ham United,Wolverhampton,2,7,0,4,1,0,1,3,2,5,1,6,1,2,10,13,3,5,9,9,4,0,0,0,1
Bournemouth,Crystal Palace,4,4,0,2,3,2,1,0,6,1,4,2,2,0,5,9,3,3,7,11,0,0,2,0,0
Newcastle,Sheffield United,5,3,2,1,1,1,2,1,2,4,4,3,2,4,7,7,5,1,8,7,1,2,0,1,1
Aston Villa,Chelsea,5,9,3,2,1,3,1,4,1,3,4,7,2,2,1,3,7,4,19,1,2,2,1,1,1
Everton ,Liverpool,3,5,1,1,1,3,1,1,0,0,2,4,1,1,9,10,6,6,5,1,1,1,0,0,0
Manchester City,Burnley,7,0,4,0,2,0,1,0,2,0,6,0,1,0,7,6,1,4,6,6,0,1,3,1,1
Leicester,BHA,5,9,2,2,3,2,0,5,1,5,4,5,1,0,4,12,3,4,14,9,2,2,0,0,0
Tottenham,West Ham United,6,1,2,0,4,1,0,0,8,1,5,1,3,2,3,10,2,8,4,20,0,2,0,0,1
Wolverhampton,Bournemouth,5,3,0,0,5,1,0,2,2,2,2,3,1,1,10,11,6,3,12,4,0,0,0,1,0
Norwich,Everton,5,2,1,2,1,0,3,0,1,0,3,2,1,2,2,6,4,6,13,10,2,1,0,1,0
Newcastle,Aston Villa,5,7,1,1,0,4,4,2,3,1,5,6,2,3,3,3,2,7,12,11,1,1,0,0,1
Manchester United,Sheffield United,8,3,4,0,2,1,2,2,3,3,7,3,2,2,6,5,3,7,10,7,0,2,2,0,1
Liverpool,Crystal Palace,12,2,3,0,7,2,2,0,2,0,5,1,3,0,6,10,6,5,0,18,0,1,2,1,1
Southampton,Arsenal,5,4,1,2,2,2,2,0,1,2,2,3,2,0,7,4,8,5,4,9,1,1,1,0,0
Burnley,Watford,5,4,1,2,2,2,2,0,1,2,2,3,2,0,7,4,8,5,4,9,1,1,1,0,0
Chelsea,Manchester City,7,6,3,1,2,3,2,2,3,3,2,6,1,4,1,4,3,1,10,5,1,2,1,1,1
Aston Villa,Wolverhampton,6,6,1,1,4,5,1,0,1,1,5,4,4,2,5,3,7,3,5,4,1,1,0,0,1
Watford,Southampton,1,4,0,3,0,1,1,0,0,1,0,3,1,0,4,6,11,8,6,4,2,0,1,0,1
Crystal Palace,Burnley,4,5,1,2,3,2,0,1,1,1,1,2,2,1,7,9,4,2,11,11,2,1,0,0,1
BHA ,Manchester United,2,7,0,2,1,4,1,1,0,2,0,5,0,2,7,7,7,2,7,2,0,0,2,1,0
Everton ,Leicester City,4,6,2,1,2,2,0,3,2,2,3,4,1,1,11,8,4,4,17,6,1,0,2,1,0
Bournemouth,Newcastle United,3,5,0,3,3,1,0,1,1,1,2,4,0,1,8,8,4,4,5,3,1,0,2,1,1
Arsenal,Norwich,8,4,6,1,1,1,1,2,3,2,6,2,3,0,5,12,8,2,6,9,1,4,2,0,1
West Ham United,Chelsea,4,8,1,4,1,3,2,1,2,1,3,6,1,5,1,6,7,3,13,4,3,0,2,1,1
Sheffield,Tottenham,4,8,3,1,1,5,0,2,0,3,4,6,2,3,7,11,10,6,7,8,1,2,1,0,1
Manchester City,Liverpool,5,4,3,2,1,2,1,0,0,0,3,3,2,2,5,6,5,8,8,4,2,0,3,0,1
Norwich,BHA,5,3,0,1,2,2,3,0,0,0,5,2,0,2,6,5,3,7,12,5,0,0,1,0,0
Manchester United,Bournemouth,8,4,4,1,2,2,2,1,3,1,5,2,4,0,7,4,6,5,6,8,0,1,4,1,0
Leicester,Crystal Palace,8,2,1,0,3,2,4,0,3,1,6,1,2,2,15,12,3,4,4,4,0,1,0,1,1
Wolverhampton,Arsenal,6,3,1,3,3,0,2,0,1,2,6,0,2,1,4,9,7,3,5,6,2,1,1,0,0
Chelsea,Watford,11,3,5,0,2,3,4,0,2,2,4,1,1,0,3,7,6,5,12,12,0,3,2,0,1
Burnley,Sheffield United,4,7,3,1,1,3,0,3,0,6,4,6,3,4,4,6,3,7,13,7,1,2,1,0,0
Newcastle,West Ham United,6,9,3,4,1,2,2,3,4,1,4,8,1,4,13,10,0,3,10,11,3,2,2,0,1
Liverpool,Aston Villa,2,3,1,1,0,2,1,0,3,2,2,3,0,2,3,2,2,10,10,15,1,1,0,0,1
Southampton,Manchester City,6,8,2,3,3,4,1,1,2,2,3,6,0,3,14,9,10,5,13,9,3,1,1,0,0
Tottenham,Everton,7,2,0,0,3,2,4,0,5,4,4,1,0,0,6,3,1,4,10,12,0,0,1,0,0
Watford,Norwich,6,3,2,2,4,1,0,0,3,2,5,1,5,0,11,9,8,9,4,19,1,1,2,1,0
Crystal Palace,Chelsea,5,5,2,3,2,1,1,1,3,7,3,5,2,2,5,5,7,6,13,4,1,1,3,0,1
Arsenal,Leicester City,7,4,6,2,0,2,1,0,7,1,6,3,1,1,5,10,10,7,6,17,2,5,1,0,0
West Ham United,Burnley,12,4,4,2,5,2,3,0,3,0,8,4,3,3,12,8,5,3,5,27,3,1,1,0,0
Sheffield,Wolverhampton,2,4,1,1,1,3,0,0,3,1,2,3,1,1,5,5,2,9,10,15,1,1,0,0,0
Manchester City,Newcastle United,12,3,5,1,4,0,3,2,6,1,11,2,3,1,1,8,6,5,7,12,1,3,2,1,1
BHA ,Liverpool,6,10,2,4,1,2,3,4,3,3,4,8,2,2,3,5,7,6,14,9,7,1,3,0,1
Everton ,Southampton,6,9,3,3,2,4,1,2,2,2,5,7,2,5,5,8,4,6,9,7,2,2,2,0,0
Bournemouth,Tottenham,4,2,1,0,1,1,2,1,6,5,3,2,1,1,9,14,5,4,6,27,0,1,0,0,0
Aston Villa,Manchester United,6,6,0,4,4,2,2,0,2,1,4,5,4,1,4,7,11,3,9,9,2,0,2,1,0
Watford,Newcastle United,9,4,2,3,3,1,4,0,0,4,9,3,3,1,8,4,4,5,8,10,2,2,1,1,0
Norwich,West Ham United,6,12,1,4,4,7,1,1,0,4,4,12,1,8,4,7,8,3,8,4,2,1,2,1,1
Liverpool,Burnley,10,2,5,0,1,1,4,1,7,4,9,1,2,0,4,4,2,6,11,21,0,4,1,0,1
Sheffield,Chelsea,5,3,3,2,1,1,1,0,2,1,3,3,3,1,3,4,3,9,10,3,2,1,2,0,1
BHA ,Manchester City,3,15,0,3,3,7,0,5,2,6,3,15,1,5,8,10,8,6,8,5,1,0,2,1,0
Wolverhampton,Everton,5,2,3,1,2,0,0,1,3,0,3,2,1,0,2,5,7,9,1,9,1,2,1,1,1
Aston Villa,Crystal Palace,4,5,2,4,1,0,1,1,2,0,3,3,2,1,4,7,4,4,6,10,4,1,1,1,0
Tottenham,Arsenal,6,6,4,2,0,4,2,0,2,2,5,3,0,0,10,4,2,2,5,6,1,3,2,0,0
Bournemouth,Leicester City,1,10,1,3,0,3,0,4,1,5,1,6,2,0,1,8,5,6,18,4,2,1,1,0,1
Manchester United,Southampton,5,2,4,2,1,0,0,0,0,2,4,1,2,0,4,8,6,5,7,6,1,2,3,0,0
Chelsea,Norwich,12,0,3,0,7,0,2,0,5,0,9,0,11,1,4,6,5,9,2,16,0,2,1,0,0
Newcastle,Tottenham,12,4,3,2,5,1,4,1,4,3,9,3,4,1,9,8,2,1,7,12,1,3,1,1,1
Manchester City,Bournemouth,6,8,3,2,3,3,0,3,1,2,4,6,1,3,6,4,4,7,8,6,2,1,2,0,0
Burnley,Wolverhampton,3,6,0,1,1,3,2,2,2,8,3,5,0,3,6,5,2,9,15,7,1,0,0,0,1
Arsenal,Liverpool,2,7,2,4,0,1,0,2,1,4,1,7,0,5,10,7,5,6,8,2,3,0,3,0,0
Leicester,Sheffield United,9,2,4,0,1,2,4,0,5,1,6,1,6,2,7,5,3,4,10,14,0,3,1,0,1
Everton ,Aston Villa,3,7,0,0,2,3,1,4,2,3,3,6,4,1,6,5,9,3,14,9,0,0,0,0,1
Southampton,BHA,6,8,1,2,1,3,4,3,4,2,5,4,2,2,8,8,4,5,6,9,1,1,1,0,1
Crystal Palace,Manchester United,7,7,3,1,1,4,3,2,1,4,3,6,3,4,13,5,9,5,7,6,0,3,1,0,1
West Ham United,Watford,4,7,3,1,0,2,1,4,2,1,3,5,2,2,7,7,8,7,10,8,1,0,3,1,0
Norwich,Burnley,4,7,1,3,1,2,2,2,5,3,2,4,2,1,2,5,5,3,10,4,2,1,1,0,0
Bournemouth,Southampton,3,4,0,3,2,0,1,1,6,2,3,2,3,2,6,9,5,7,8,22,2,0,1,0,0
Tottenham,Leicester City,6,12,3,3,1,2,2,7,3,6,6,8,2,7,12,4,3,2,16,4,3,1,3,0,0
Sheffield,Everton,2,2,0,0,1,2,1,0,5,1,0,2,0,2,10,4,6,4,7,16,0,0,0,1,0
BHA ,Newcastle United,7,5,2,0,4,2,1,3,5,2,5,4,4,3,7,5,3,7,9,15,0,2,0,0,0
Wolverhampton,Crystal Palace,3,4,2,1,1,1,0,2,1,2,2,3,1,1,12,6,6,5,8,5,1,1,1,0,1
Watford,Manchester City,1,12,0,4,1,3,0,5,0,7,0,8,0,2,12,12,4,3,18,6,2,0,2,0,1
Aston Villa,Arsenal,4,3,2,0,2,1,0,2,3,6,4,3,3,1,8,2,5,4,14,7,0,1,1,0,0
Manchester United,West Ham United,7,4,3,2,3,1,1,1,0,2,5,2,1,1,1,8,1,9,4,6,1,3,1,1,0
Liverpool,Chelsea,10,10,7,5,2,5,1,0,6,0,7,8,4,3,8,4,5,7,14,15,2,2,4,1,1
West Ham United,Aston Villa,3,4,0,2,3,2,0,0,0,1,2,4,0,1,6,6,5,7,10,6,2,0,0,0,0
Southampton,Sheffield United,5,4,1,3,2,0,2,1,3,0,1,4,0,1,4,8,4,7,3,19,2,1,1,1,1
Newcastle,Liverpool,2,6,2,3,0,2,0,1,2,1,2,4,0,1,11,3,2,4,10,7,2,1,2,1,0
Manchester City,Norwich,15,2,3,1,7,1,5,0,6,0,12,1,4,0,5,7,4,7,2,19,1,1,2,0,1
Leicester,Manchester United,5,5,1,1,4,3,0,1,0,3,5,4,2,1,12,5,12,2,9,4,1,1,0,0,1
Everton ,Bournemouth,7,9,4,5,2,0,1,4,0,4,6,5,4,7,15,10,5,4,15,6,3,3,3,0,1
Crystal Palace,Tottenham,7,5,1,2,4,1,2,2,5,0,7,2,5,0,13,18,6,10,6,11,1,1,1,1,0
Chelsea,Wolverhampton,6,3,2,0,2,1,2,2,1,3,4,2,2,1,10,7,4,3,8,5,0,0,2,0,0
Burnley,BHA,2,6,1,2,2,2,0,2,0,4,3,4,7,1,10,4,5,5,3,11,1,1,2,1,0
Arsenal,Watford,6,9,3,3,1,3,2,3,1,5,4,7,2,6,5,4,3,4,15,2,2,0,4,0,1
Fullham,Arsenal,2,7,1,3,0,3,1,1,1,0,2,3,2,2,3,9,7,6,2,5,2,1,1,1,0
Crystal Palace,Southampton,2,2,2,2,0,0,0,0,3,2,2,1,4,1,8,13,6,6,7,7,2,1,1,0,0
Liverpool,Leeds United,9,2,4,2,0,0,5,0,3,0,4,1,1,1,6,20,8,4,6,13,0,2,5,0,1
West Ham United,Newcastle United,8,9,1,0,3,6,4,3,2,4,7,8,1,7,7,5,4,3,12,9,0,1,0,1,0
West Brom,Leicester City,5,6,1,3,2,2,2,1,2,1,3,2,0,0,4,12,6,5,3,6,3,1,0,1,1
Tottenham,Everton,5,6,3,1,0,3,2,2,2,2,5,4,1,1,5,10,3,9,9,21,1,3,0,1,0
Sheffield,Wolverhampton,1,4,1,3,0,1,0,0,4,2,1,4,3,4,8,8,7,6,7,17,1,1,2,0,0
BHA ,Chelsea,7,5,1,2,4,2,2,1,3,1,5,4,1,1,5,6,5,14,6,10,1,1,1,1,1
Burnley,Manchester United,5,5,0,2,2,1,3,2,2,3,3,5,0,5,2,2,3,6,10,8,2,0,0,0,1
Manchester City,Aston Villa,13,3,3,1,2,1,8,1,10,2,10,3,2,0,8,5,4,8,5,11,1,3,0,0,0
Everton ,West Brom,10,5,3,3,3,1,4,1,9,1,7,4,4,1,8,5,2,8,1,15,2,1,3,1,1
Leeds United,Fullham,3,6,3,2,0,2,0,2,5,3,1,2,2,2,10,10,4,9,6,8,1,1,3,1,1
Manchester United,Crystal Palace,8,6,2,2,1,4,5,0,4,2,5,5,2,1,5,10,2,5,10,15,1,2,1,0,1
Arsenal,West Ham United,3,3,1,2,1,0,1,1,1,3,3,3,2,2,3,2,8,6,7,8,1,0,2,0,0
Southampton,Tottenham,6,1,3,1,1,0,2,0,2,1,2,1,0,0,5,5,4,3,3,12,0,2,2,1,1
Newcastle,BHA,1,6,0,3,0,3,1,0,3,0,1,3,0,1,8,3,5,6,8,11,2,0,2,0,0
Chelsea,Liverpool,1,7,0,1,1,5,0,1,0,3,0,6,1,3,11,9,3,4,15,1,0,0,0,1,0
Leicester,Burnley,7,3,3,2,1,1,3,0,8,0,7,1,3,2,8,9,4,5,6,17,1,2,2,0,1
Aston Villa,Sheffield United,7,1,1,1,4,0,2,0,8,2,7,0,4,0,1,6,3,3,7,19,1,1,0,0,1
Wolverhampton,Manchester City,2,8,0,5,1,2,1,1,1,4,2,6,1,0,13,10,7,1,7,5,3,0,2,0,0
BHA ,Manchester United,7,2,2,1,4,1,1,0,3,0,5,1,2,1,8,9,6,1,1,10,1,1,2,1,0
Crystal Palace,Everton,3,5,1,4,0,0,2,1,4,2,2,3,3,0,15,15,8,8,4,5,2,0,3,0,0
West Brom,Chelsea,5,11,3,3,1,5,1,3,1,2,4,8,3,3,2,9,7,6,10,3,3,0,3,0,1
Burnley,Southampton,4,4,0,1,1,2,3,1,5,2,2,3,4,2,6,6,10,5,7,16,0,0,1,0,0
Sheffield,Leeds United,9,6,2,2,4,3,3,1,2,1,8,6,4,4,6,8,6,5,12,5,2,2,0,0,0
Tottenham,Newcastle United,12,2,5,0,6,1,1,1,5,2,8,2,5,2,2,6,3,4,6,13,0,4,1,0,0
Manchester City,Leicester City,5,1,3,1,1,0,1,0,1,3,2,0,0,0,6,7,5,3,4,10,0,2,2,1,0
West Ham United,Wolverhampton,8,5,5,2,2,1,1,2,0,2,6,4,3,3,11,7,6,5,7,4,2,4,1,1,1
Fullham,Aston Villa,6,6,1,2,4,3,1,1,1,1,5,6,5,1,4,10,3,4,4,15,0,1,2,1,0
Liverpool,Arsenal,11,1,5,1,3,0,3,0,5,0,8,0,3,0,4,2,2,4,2,22,0,3,3,0,0
Chelsea,Crystal Palace,7,2,2,0,4,1,1,1,4,2,6,2,4,2,8,4,6,4,6,10,0,2,0,1,1
Everton ,BHA,7,3,4,2,1,1,2,0,2,0,6,1,4,1,8,11,11,2,4,9,1,2,3,1,1
Leeds United,Manchester City,4,12,2,2,2,6,0,4,3,5,3,9,1,9,12,6,5,1,10,7,0,2,1,1,0
Newcastle,Burnley,4,3,2,1,2,1,0,1,2,2,3,3,2,2,3,8,1,9,10,6,1,1,1,0,1
Leicester,West Ham United,1,5,0,2,0,1,1,2,2,2,0,5,0,1,4,5,10,10,3,8,0,0,2,0,0
Southampton,West Brom,9,2,5,1,4,0,0,1,2,0,6,1,1,0,9,8,9,9,3,6,1,5,1,0,1
Wolverhampton,Fullham,5,1,2,1,1,0,2,0,4,0,3,1,6,1,2,9,4,2,10,7,1,2,0,1,0
Arsenal,Sheffield United,4,1,3,0,0,1,1,0,2,1,4,1,1,1,5,4,4,2,8,18,0,3,0,0,1
Manchester United,Tottenham,4,13,2,5,1,3,1,5,1,3,3,10,1,1,4,14,7,7,5,9,1,1,5,1,0
Aston Villa,Liverpool,8,9,6,6,2,0,0,3,1,6,7,7,1,0,8,5,8,6,25,6,5,2,5,1,1
Everton ,Liverpool,6,13,3,4,3,4,0,5,2,3,6,10,2,2,5,9,1,1,11,8,3,2,2,0,1
Chelsea,Southampton,9,4,4,2,2,0,3,2,4,0,7,2,3,0,10,10,4,5,12,5,1,2,3,1,0
Manchester City,Arsenal,10,6,4,2,3,2,3,2,4,4,8,4,0,3,8,9,4,2,5,8,2,3,1,0,0
Newcastle,Manchester United,2,13,2,6,0,3,0,4,0,5,2,12,2,2,10,11,5,5,12,3,4,2,2,0,0
Sheffield,Fullham,6,4,4,3,2,0,0,1,2,1,5,4,2,1,5,4,8,3,5,13,3,4,0,0,0
Crystal Palace,BHA,1,6,1,1,0,4,0,1,1,1,0,4,1,2,4,9,2,4,12,3,1,0,1,0,0
Tottenham,West Ham United,5,5,4,2,1,2,0,1,0,3,5,4,2,3,14,7,3,2,15,4,2,1,3,0,0
Leicester,Aston Villa,3,2,3,0,0,2,0,0,1,1,3,1,0,3,11,6,8,10,8,6,0,3,0,0,0
West Brom,Burnley,6,3,2,2,3,1,1,0,5,1,6,2,5,1,8,8,4,4,11,7,2,2,0,0,0
Leeds United,Wolverhampton,9,2,2,1,5,1,2,0,5,1,7,2,5,1,4,11,9,8,1,17,1,2,0,0,1
Aston Villa,Leeds United,5,10,2,1,2,6,1,3,2,3,5,9,1,3,10,8,8,5,13,11,1,1,0,1,1
West Ham United,Manchester City,4,5,1,1,2,4,1,0,1,3,3,4,2,1,10,4,6,4,11,12,1,0,1,1,0
Fullham,Crystal Palace,8,7,1,4,4,2,3,1,3,2,7,5,7,1,9,9,7,7,6,9,3,1,1,0,1
Manchester United,Chelsea,7,3,3,1,2,1,2,1,5,3,6,2,2,1,5,7,5,8,14,11,1,3,0,0,0
Liverpool,Sheffield United,8,5,4,2,3,1,1,2,3,2,4,4,1,1,3,7,4,1,12,15,1,3,2,0,1
Southampton,Everton,6,4,3,1,3,1,0,2,1,4,5,2,1,0,9,6,4,3,11,7,1,1,2,0,0
Wolverhampton,Newcastle United,4,2,1,1,3,0,0,1,1,2,4,2,0,1,7,11,4,3,4,6,1,1,0,0,0
Arsenal,Leicester City,11,1,3,0,4,1,4,0,6,1,9,0,5,1,7,5,9,5,2,9,0,3,0,0,0
BHA ,West Brom,4,3,3,1,0,2,1,0,3,0,3,3,2,1,7,11,7,5,3,14,1,3,1,0,0
Burnley,Tottenham,5,3,2,0,3,1,0,2,0,2,3,2,1,1,8,4,5,5,8,5,0,2,0,0,0
Wolverhampton,Crystal Palace,10,3,3,0,5,1,2,2,5,4,7,2,4,0,10,5,10,5,5,9,0,1,2,0,0
Sheffield,Manchester City,1,10,0,5,0,3,1,2,2,3,1,7,2,4,6,5,5,2,13,8,4,0,1,0,0
Burnley,Chelsea,1,7,0,4,1,0,0,3,2,2,1,5,0,2,3,6,6,4,9,4,3,0,1,1,1
Liverpool,West Ham United,4,1,1,1,2,0,1,0,1,1,2,0,1,2,2,6,2,8,7,13,0,0,2,0,0
Aston Villa,Southampton,4,6,0,3,0,2,4,1,4,1,3,4,2,2,6,2,5,7,2,12,0,0,3,1,1
Newcastle,Everton,4,4,1,1,1,1,2,2,2,2,2,2,1,0,8,12,2,4,13,6,1,1,0,1,0
Manchester United,Arsenal,1,3,1,0,0,3,0,0,1,3,1,3,0,2,5,7,6,8,10,6,0,1,0,0,1
Tottenham,BHA,4,2,2,0,2,1,0,1,2,4,1,2,0,2,7,2,5,5,11,7,0,1,1,1,1
Fullham,West Brom,7,3,4,0,2,2,1,1,2,1,5,2,1,1,8,13,4,3,5,6,0,2,2,0,0
Leeds United,Leicester City,3,6,2,5,1,0,0,1,3,2,3,3,1,3,10,10,5,3,8,12,3,2,2,1,0
BHA ,Burnley,12,2,2,1,5,1,5,0,2,1,9,1,7,4,7,8,6,6,4,10,1,2,0,0,0
Southampton,Newcastle United,8,2,3,1,2,1,3,0,1,2,7,2,1,2,21,9,9,1,6,3,1,2,1,0,0
Everton ,Manchester United,3,8,1,3,2,3,0,2,1,1,2,6,2,3,9,5,4,3,6,8,1,0,3,0,0
Crystal Palace,Leeds United,5,2,4,1,0,1,1,0,2,2,4,2,1,1,8,14,5,9,10,2,0,2,4,0,1
Chelsea,Sheffield United,9,5,5,3,3,1,1,1,3,4,7,4,4,0,8,5,4,3,11,8,2,4,3,0,0
West Ham United,Fullham,8,5,4,0,4,4,0,1,5,4,6,4,4,3,5,6,6,2,11,11,0,4,0,0,0
West Brom,Tottenham,6,1,1,0,3,0,2,1,3,4,5,1,4,1,7,6,7,7,8,15,0,1,0,0,0
Leicester,Wolverhampton,3,1,2,0,1,0,0,1,1,1,1,1,0,3,12,13,3,9,6,5,0,1,1,0,0
Manchester City,Liverpool,4,6,2,2,2,3,0,1,0,1,3,3,1,1,8,6,3,2,9,4,1,1,2,0,0
Arsenal,Aston Villa,5,4,1,0,3,0,1,4,1,3,4,4,2,1,3,7,4,3,7,12,0,1,1,0,1
Newcastle,Chelsea,3,8,0,2,2,4,1,2,3,2,3,7,1,3,1,3,4,3,11,9,2,0,1,0,1
Aston Villa,BHA,10,3,2,2,4,1,4,0,7,0,6,3,3,1,5,6,3,5,7,21,1,2,1,1,0
Tottenham,Manchester City,1,11,1,3,0,2,0,6,0,6,1,8,1,4,12,6,5,5,17,2,3,0,1,0,1
Manchester United,West Brom,5,4,3,1,0,2,2,1,1,2,4,4,2,2,10,8,6,10,2,11,1,3,0,1,0
Fullham,Everton,5,7,2,5,2,0,1,2,2,3,5,7,1,3,3,8,4,4,13,4,2,1,4,0,1
Sheffield,West Ham United,5,6,4,1,1,2,0,3,2,3,4,6,2,3,10,5,4,4,13,4,1,4,0,1,0
Leeds United,Arsenal,12,5,2,0,8,5,3,0,2,1,6,3,2,2,10,4,4,7,5,12,0,2,0,0,0
Liverpool,Leicester City,10,3,5,1,4,2,1,0,4,1,8,3,4,0,2,4,5,11,4,6,1,4,2,0,0
Burnley,Crystal Palace,3,4,1,3,1,1,1,0,4,4,2,4,1,2,7,7,6,3,7,12,3,0,1,0,0
Wolverhampton,Southampton,10,5,5,1,2,2,3,2,2,3,5,5,4,3,4,14,4,1,15,4,1,5,0,1,1
Crystal Palace,Newcastle United,3,6,2,3,1,3,0,0,3,1,3,3,3,1,8,14,6,4,6,9,3,2,0,0,0
BHA ,Liverpool,5,4,0,1,4,1,1,2,1,2,3,2,1,2,13,6,6,3,8,9,1,0,0,1,0
Manchester City,Burnley,10,1,4,0,5,0,1,1,3,2,9,1,1,1,3,10,2,5,7,8,0,1,3,0,1
Everton ,Leeds United,7,13,5,3,2,7,0,3,1,1,7,10,3,3,10,8,9,2,17,4,3,5,0,0,0
West Brom,Sheffield United,10,8,4,2,4,4,2,2,8,3,7,6,3,3,6,6,3,2,3,12,2,3,1,0,0
Southampton,Manchester United,4,6,3,2,0,1,1,3,3,4,3,3,1,2,9,10,5,8,8,9,2,1,2,1,1
Chelsea,Tottenham,5,5,1,1,3,3,1,1,1,1,4,3,1,1,5,2,5,7,6,8,1,1,0,0,0
Arsenal,Wolverhampton,4,8,2,5,2,2,0,1,3,3,2,6,1,2,10,2,7,5,8,7,3,1,3,0,0
Leicester,Fullham,7,5,1,4,3,1,3,0,2,2,2,3,1,0,9,16,5,8,4,11,2,1,2,0,0
West Ham United,Aston Villa,4,6,1,2,1,3,2,1,2,2,3,5,1,2,4,5,2,3,8,4,1,0,2,1,0
Burnley,Everton,4,7,2,3,1,2,1,2,1,3,4,6,0,2,6,5,9,3,10,3,2,1,2,0,0
Manchester City,Fullham,9,3,4,0,3,2,2,1,5,2,6,3,1,2,11,8,4,11,1,13,0,3,2,0,0
West Ham United,Manchester United,12,3,2,2,7,0,3,1,3,3,8,3,7,1,7,7,6,5,8,9,2,1,1,0,1
Chelsea,Leeds United,8,5,5,2,2,3,1,0,4,2,7,5,4,0,10,16,8,2,11,12,1,3,2,0,1
West Brom,Crystal Palace,6,7,4,1,1,4,1,2,2,2,5,6,3,2,8,6,2,3,5,10,1,3,2,1,1
Sheffield,Leicester City,1,8,1,1,0,3,0,4,3,2,1,4,1,0,5,10,5,3,16,8,0,0,2,0,0
Tottenham,Arsenal,5,4,3,0,1,3,1,1,2,3,3,0,0,1,4,5,4,1,15,6,0,1,2,0,0
Liverpool,Wolverhampton,5,5,2,1,2,4,1,0,2,3,3,2,2,1,4,8,2,7,7,10,1,1,1,1,1
BHA ,Southampton,5,5,2,1,3,2,0,2,3,2,2,5,2,3,10,7,4,5,11,7,0,1,2,0,0
Aston Villa,Newcastle United,7,4,3,1,3,2,1,1,2,1,4,4,1,4,5,7,6,2,11,6,1,1,2,0,0
Leeds United,West Ham United,7,7,5,3,2,2,0,2,2,3,5,6,3,3,11,6,7,5,5,7,2,4,2,0,0
Wolverhampton,Aston Villa,7,6,2,0,2,3,3,3,5,5,5,4,3,1,7,5,4,4,17,14,0,2,0,0,0
Newcastle,West Brom,6,9,4,1,1,3,1,5,2,2,6,6,1,1,5,7,9,2,14,7,1,3,1,1,0
Manchester United,Manchester City,7,4,1,1,3,2,3,1,4,0,6,3,3,0,5,3,3,7,4,1,1,1,0,0,0
Everton ,Chelsea,4,6,3,3,1,1,0,2,1,3,3,3,1,3,6,7,13,4,11,9,3,2,1,0,0
Southampton,Sheffield United,10,1,3,0,4,1,3,0,5,1,9,1,3,1,10,9,2,2,8,15,0,2,1,0,1
Crystal Palace,Tottenham,8,8,2,4,2,2,4,2,1,3,6,4,1,2,4,8,7,1,12,6,3,2,1,0,0
Fullham,Liverpool,6,4,4,1,2,2,0,1,4,1,5,2,2,1,6,14,6,4,13,13,1,3,1,0,0
Arsenal,Burnley,8,2,1,0,3,1,4,1,7,0,7,2,2,2,4,7,5,8,2,19,0,1,0,0,1
Leicester,BHA,13,6,5,3,4,2,4,1,4,1,11,5,3,1,5,6,5,7,4,6,3,2,3,0,0
Wolverhampton,Chelsea,6,6,2,0,3,4,1,2,3,4,4,5,1,4,8,5,5,3,20,10,0,2,0,1,1
Manchester City,West Brom,6,4,2,1,3,3,1,0,5,1,6,2,3,2,5,7,3,2,6,13,1,1,2,0,0
Arsenal,Southampton,5,6,2,2,1,4,2,0,1,1,5,2,0,1,4,6,9,4,12,8,1,3,1,1,0
Leicester,Everton,6,5,2,2,1,0,3,3,2,4,4,5,2,3,8,6,5,4,9,9,1,2,1,0,1
Leeds United,Newcastle United,14,4,4,2,6,2,4,0,2,0,10,4,6,2,10,3,9,6,2,19,1,3,2,0,1
Liverpool,Tottenham,8,1,7,1,0,0,1,0,2,1,6,1,2,0,7,13,4,5,3,17,0,6,2,0,0
Fullham,BHA,4,3,1,2,1,1,2,0,1,1,4,2,1,0,6,12,7,6,10,3,2,1,0,0,0
West Ham United,Crystal Palace,3,7,1,2,2,4,0,1,3,1,2,6,3,4,11,11,9,1,7,13,1,1,1,1,0
Aston Villa,Burnley,15,3,4,2,4,1,7,0,7,0,10,2,5,1,4,8,2,8,6,17,2,3,0,0,0
Sheffield,Manchester United,7,6,3,5,4,1,0,0,2,1,7,5,1,0,8,8,4,2,7,8,3,2,3,1,0
Crystal Palace,Liverpool,4,7,3,3,1,3,0,1,4,2,3,5,4,2,7,9,2,9,4,11,0,3,3,1,1
Southampton,Manchester City,7,5,2,2,2,1,3,2,4,3,6,4,4,1,14,8,7,6,2,10,1,2,1,0,0
Everton ,Arsenal,7,3,2,2,3,1,2,0,1,2,4,2,3,0,7,4,6,4,5,5,1,1,3,0,0
Newcastle,Fullham,6,8,2,2,2,3,2,3,2,5,4,5,2,5,3,3,8,7,11,7,2,2,1,0,1
BHA ,Sheffield United,7,2,2,2,2,0,3,0,6,1,6,1,5,1,10,6,1,2,3,14,2,1,0,0,1
Tottenham,Leicester City,2,8,1,2,2,2,0,4,3,2,2,7,4,3,8,10,6,6,10,8,1,1,1,1,0
Manchester United,Leeds United,10,8,5,2,1,2,4,4,4,6,8,7,2,3,9,10,4,6,11,4,1,1,5,0,1
West Brom,Aston Villa,1,5,1,1,0,3,0,1,1,1,0,4,0,4,6,8,8,5,12,7,0,1,1,0,0
Burnley,Wolverhampton,6,7,2,1,4,2,0,4,0,2,4,6,2,1,8,7,1,9,9,5,1,1,1,1,0
Chelsea,West Ham United,4,3,3,0,1,2,0,1,4,1,2,1,3,1,6,9,10,4,12,9,0,2,1,0,0
Leicester,Manchester United,5,5,2,2,1,2,2,1,2,0,4,5,1,3,10,11,6,3,2,9,1,1,2,0,1
Fullham,Southampton,2,1,1,1,1,0,0,0,2,1,2,0,1,0,11,12,3,13,12,8,1,1,0,0,0
Aston Villa,Crystal Palace,11,4,5,4,4,0,2,0,3,2,7,1,4,1,10,10,5,5,16,8,4,4,1,0,1
Arsenal,Chelsea,7,7,2,0,2,5,3,2,4,3,3,4,0,1,5,5,3,10,6,11,0,0,2,1,0
Manchester City,Newcastle United,4,2,4,0,0,1,0,1,5,2,4,2,1,1,4,9,2,4,12,13,0,3,1,1,0
Sheffield,Everton,4,4,2,2,0,2,2,0,1,1,2,3,1,0,11,7,7,2,9,5,2,1,0,0,0
Leeds United,Burnley,7,4,3,2,3,1,1,1,3,3,4,4,1,3,8,5,3,4,7,9,2,2,1,0,0
West Ham United,BHA,3,9,0,3,1,2,2,4,4,3,2,8,2,1,10,7,5,8,4,5,2,0,1,1,1
Liverpool,West Brom,10,1,1,0,6,0,3,1,3,0,8,0,8,0,6,5,2,9,3,22,0,0,1,0,0
Wolverhampton,Tottenham,4,5,2,3,1,1,1,1,2,1,2,5,2,2,11,7,5,5,1,10,2,2,1,0,0
Crystal Palace,Leicester City,2,9,0,2,2,6,0,1,2,3,2,5,2,4,8,14,6,2,16,4,2,0,0,1,0
Chelsea,Aston Villa,7,6,2,1,3,3,2,2,4,3,4,5,2,1,7,9,7,8,8,2,1,1,1,1,0
Southampton,West Ham United,4,3,1,1,3,2,0,0,3,1,3,1,1,2,10,4,5,7,3,9,1,2,0,0,0
Burnley,Sheffield United,4,3,3,2,1,0,0,1,2,3,3,2,3,2,4,9,3,1,12,5,1,2,1,0,0
West Brom,Leeds United,1,10,0,5,1,2,0,3,1,3,0,9,0,4,7,5,7,2,13,13,2,0,4,0,1
BHA ,Arsenal,8,1,1,0,3,1,4,0,2,2,7,0,6,0,6,5,4,5,5,6,0,1,0,0,1
Manchester United,Wolverhampton,5,7,1,4,3,2,1,1,1,1,3,5,3,3,5,8,5,5,2,11,4,1,0,0,0
Newcastle,Liverpool,6,4,1,3,4,0,1,1,3,7,6,2,3,4,11,5,5,5,23,9,3,1,0,0,0
Tottenham,Fullham,10,7,4,2,4,2,2,3,2,3,6,6,5,1,8,6,4,6,10,10,2,3,1,0,1
Everton ,Manchester City,2,9,1,4,1,1,0,4,0,7,1,6,2,2,5,4,8,1,17,2,3,0,2,0,1
Everton ,West Ham United,5,3,1,0,4,2,0,1,3,3,4,2,3,3,8,7,7,12,7,7,0,1,0,0,0
Manchester United,Aston Villa,11,4,3,1,3,1,5,2,3,6,10,1,3,2,2,10,9,3,17,12,1,2,1,1,1
Tottenham,Leeds United,11,10,3,3,5,6,3,1,1,0,6,8,2,2,10,8,8,11,7,7,3,1,2,1,0
Crystal Palace,Sheffield United,5,2,4,1,1,0,0,1,0,1,4,2,3,2,16,12,4,12,10,2,1,2,2,0,0
BHA,Wolverhampton,3,7,2,4,0,2,1,1,0,7,3,6,3,0,10,5,5,5,9,5,2,1,4,1,1
West Brom,Arsenal,2,11,1,6,1,3,0,2,1,4,2,8,2,1,7,10,10,6,11,8,5,1,2,1,1
Newcastle,Leicester City,3,3,1,0,1,3,1,0,0,3,2,1,1,3,8,9,6,8,5,5,0,1,0,1,1
Chelsea,Manchester City,4,11,1,4,0,5,3,2,2,1,4,5,2,0,5,8,11,7,3,9,1,1,3,0,0
Southampton,Liverpool,4,6,1,0,2,6,1,0,1,2,4,6,0,5,10,7,7,7,9,2,0,0,1,0,0
Burnley,Fullham,3,2,1,1,2,1,0,0,4,2,2,2,5,1,6,9,2,2,2,18,1,1,0,1,0
Sheffield,Newcastle United,10,3,2,0,3,2,5,1,4,1,9,2,1,2,8,7,4,4,9,21,0,2,0,0,1
Wolverhampton,Everton,7,3,3,2,2,1,2,0,2,2,6,3,2,1,6,4,7,5,7,10,1,2,2,0,1
Manchester City,BHA,8,2,3,0,1,2,4,0,7,1,7,2,4,1,3,11,3,8,3,11,0,2,1,0,0
Arsenal,Crystal Palace,2,9,2,2,0,5,0,2,4,1,2,7,3,3,7,6,6,7,4,7,2,2,0,0,0
West Ham United,West Brom,7,2,3,0,2,2,2,0,2,0,4,2,4,0,2,8,2,7,7,16,1,2,1,1,1
Leicester,Chelsea,5,4,4,2,1,2,0,0,5,1,5,3,0,4,11,12,3,0,8,12,2,2,2,0,0
Fullham,Manchester United,4,8,3,2,0,5,1,1,0,3,4,5,1,3,2,11,8,5,19,1,1,2,2,0,1
Liverpool,Burnley,13,3,4,3,6,0,3,0,6,0,11,2,2,0,3,6,2,8,4,20,3,4,0,0,0
Leeds United,Southampton,2,4,1,1,1,3,0,0,1,2,1,1,2,1,9,7,3,9,10,3,1,1,0,1,0
Aston Villa,Tottenham,0,5,0,1,0,2,0,2,3,3,0,4,3,2,10,7,4,4,7,14,0,0,1,0,1
Wolverhampton,West Brom,11,8,5,3,4,3,2,2,5,0,7,5,3,0,5,11,5,2,5,17,2,3,3,1,0
West Ham United,Burnley,5,5,2,2,2,2,1,1,2,1,2,3,2,0,4,5,8,5,8,9,2,1,1,0,0
Leeds United,BHA,1,3,0,1,1,1,0,1,1,1,0,2,0,0,8,5,3,6,7,6,0,0,1,0,0
Fullham,Chelsea,5,8,0,3,3,3,2,2,1,5,3,7,2,1,8,7,8,5,17,6,3,0,0,0,0
Leicester,Southampton,6,2,2,2,4,0,0,0,0,4,4,2,1,0,9,6,6,6,11,6,2,1,1,0,0
Sheffield,Tottenham,7,6,2,3,0,1,5,2,3,3,5,5,2,2,10,7,6,7,11,7,1,2,2,1,1
Liverpool,Manchester United,9,1,1,0,4,1,4,0,2,0,6,0,1,1,6,13,7,4,3,13,0,1,0,0,0
Manchester City,Crystal Palace,8,1,2,0,2,1,4,0,6,0,5,1,4,0,12,6,1,5,4,18,0,1,1,1,1
Arsenal,Newcastle United,7,1,1,0,6,1,0,0,5,1,6,1,4,0,4,5,4,2,7,5,0,1,0,1,0
Aston Villa,Everton,6,3,1,2,3,1,2,0,5,0,5,2,1,3,3,5,3,5,6,9,2,1,0,0,0
Crystal Palace,West Ham United,1,8,1,4,0,4,0,0,1,1,1,6,0,1,8,6,10,2,4,5,2,0,3,0,1
Newcastle,Leeds United,7,6,0,1,6,4,1,1,3,3,6,5,2,2,4,7,4,2,11,8,0,0,1,1,1
Southampton,Arsenal,8,5,3,3,4,2,1,0,1,5,7,4,5,2,11,7,8,2,10,4,1,2,3,0,1
West Brom,Manchester City,3,9,1,5,1,2,1,2,0,1,1,8,1,1,7,4,6,2,10,11,1,1,4,1,0
Chelsea,Wolverhampton,5,2,2,0,2,2,1,0,5,1,4,1,3,1,10,4,4,8,3,15,0,2,0,0,0
Burnley,Aston Villa,4,11,1,6,1,4,2,1,0,4,2,8,1,4,7,0,3,2,4,10,5,1,1,1,1
BHA ,Fullham,7,3,4,0,1,3,2,0,4,0,6,3,3,1,10,7,10,6,2,8,0,4,0,0,0
Manchester United,Sheffield United,7,2,2,2,2,0,3,0,2,1,6,2,0,1,7,5,1,7,3,11,1,2,1,0,1
Everton ,Leicester City,3,6,1,1,1,1,1,4,2,1,1,4,1,0,5,12,5,7,4,7,1,0,1,0,1
Tottenham,Liverpool,2,7,1,4,1,2,0,1,1,1,1,6,0,3,6,4,5,5,13,5,3,1,1,1,1
Everton ,Newcastle United,6,7,2,1,4,2,0,4,1,6,4,4,0,3,6,7,6,4,13,11,1,2,0,0,1
West Brom,Fullham,1,8,1,4,0,3,0,1,2,2,1,8,3,0,9,2,8,2,9,6,3,1,1,1,1
Manchester City,Sheffield United,3,1,2,1,0,0,1,0,1,0,2,1,5,0,4,9,3,6,2,12,1,1,1,0,0
Crystal Palace,Wolverhampton,4,0,0,0,3,0,1,0,1,1,3,0,0,2,3,10,5,4,7,5,0,0,0,1,0
Arsenal,Manchester United,7,7,2,2,4,3,1,2,1,6,6,4,3,4,4,3,7,7,13,3,2,2,0,0,0
Southampton,Aston Villa,8,6,0,3,4,2,4,1,2,0,6,4,2,1,9,10,4,5,4,8,2,0,1,0,0
Chelsea,Burnley,10,0,4,0,5,0,1,0,1,0,10,0,1,1,6,4,8,2,9,4,0,3,1,0,0
Leicester,Leeds United,8,4,4,4,1,0,3,0,1,3,6,4,0,1,7,17,9,10,4,9,3,3,2,0,1
West Ham United,Liverpool,4,7,1,1,0,4,3,2,1,4,2,4,2,0,7,4,12,3,11,6,1,1,0,1,1
BHA ,Tottenham,9,1,2,0,5,1,2,0,5,0,9,1,5,0,8,6,11,2,4,19,0,0,1,0,0
Sheffield,West Brom,4,5,2,3,2,1,0,1,5,1,3,2,0,1,8,9,5,6,10,11,2,2,1,1,1
Wolverhampton,Arsenal,5,6,3,3,2,1,0,2,6,5,4,4,2,2,8,8,3,3,11,11,2,2,2,1,0
Newcastle,Crystal Palace,9,5,3,3,4,1,2,1,4,1,5,3,4,3,6,4,3,7,6,4,1,2,3,0,0
Manchester United,Southampton,10,2,6,1,2,1,2,0,2,3,8,1,2,0,7,14,3,7,3,12,1,3,4,0,1
Fullham,Leicester City,4,7,1,5,1,1,2,1,2,1,3,6,4,1,9,9,10,2,9,10,3,1,2,0,0
Burnley,Manchester City,0,6,0,4,0,0,0,2,1,1,0,4,0,1,5,7,4,2,8,7,2,0,2,0,0
Leeds United,Everton,7,7,3,4,3,3,1,0,6,1,7,4,3,3,8,4,6,4,5,10,2,3,2,1,0
Liverpool,BHA,2,5,0,0,1,4,1,1,3,0,2,4,1,2,7,3,7,12,3,9,0,0,0,1,0
Aston Villa,West Ham United,3,10,0,5,3,2,0,3,1,1,2,5,2,2,6,9,2,5,8,10,5,0,0,0,0
Tottenham,Chelsea,2,7,1,1,1,2,0,4,0,5,1,5,1,3,8,3,6,6,13,0,0,1,1,0,0
Aston Villa,Arsenal,3,5,2,1,0,3,1,1,2,3,2,3,0,4,9,4,4,4,9,7,1,1,1,0,0
Newcastle,Southampton,4,6,4,3,0,1,0,2,0,1,3,5,0,1,7,9,8,8,7,7,2,1,4,1,0
Burnley,BHA,11,5,4,2,5,2,2,1,2,6,6,4,2,2,6,1,3,4,6,6,1,4,1,1,0
Fullham,West Ham United,8,4,1,1,3,3,4,0,4,2,6,3,2,3,7,3,6,3,6,13,1,2,0,0,0
Manchester United,Everton,7,1,2,0,3,1,2,0,2,1,5,0,3,1,9,6,2,6,1,12,0,0,2,1,1
Tottenham,West Brom,9,2,3,1,3,1,3,0,7,0,6,2,1,3,7,15,2,4,2,21,1,3,0,1,0
Wolverhampton,Leicester City,5,6,0,2,2,1,3,3,3,0,4,4,3,1,11,8,7,3,3,8,2,0,0,0,0
Liverpool,Manchester City,5,2,2,0,1,2,2,0,3,0,3,1,3,0,9,9,8,8,6,14,0,2,0,1,1
Sheffield,Chelsea,2,5,0,2,2,2,0,1,0,6,2,4,0,4,11,10,9,3,13,1,0,0,1,1,0
Leeds United,Crystal Palace,8,2,2,1,5,0,1,1,1,1,6,2,4,1,9,6,1,3,4,11,1,1,1,1,0
Leicester,Liverpool,6,9,1,3,4,2,1,4,1,8,5,6,2,1,12,11,11,6,19,2,3,1,0,0,1
Crystal Palace,Burnley,7,9,2,2,1,1,4,6,4,4,4,5,0,3,3,7,3,6,8,4,0,2,2,1,0
Manchester City,Tottenham,9,2,1,0,4,1,4,1,2,0,7,1,1,0,7,11,2,4,3,10,0,0,1,1,1
BHA,Aston Villa,12,1,4,0,4,0,4,1,6,1,9,1,7,0,9,5,4,6,3,11,0,4,0,0,0
Southampton,Wolverhampton,3,3,2,0,1,3,0,0,2,1,3,3,1,2,14,4,9,5,4,3,0,1,1,1,1
West Brom,Manchester United,3,2,2,2,1,0,0,0,4,2,3,2,4,3,7,4,4,1,12,4,1,1,2,0,0
Arsenal,Leeds United,8,3,3,2,2,1,3,0,1,2,7,3,1,1,1,4,4,4,4,3,2,0,3,1,1
Everton ,Fullham,3,7,0,0,3,5,0,2,1,2,3,5,0,3,9,3,2,6,10,5,0,0,0,1,1
West Ham United,Sheffield,6,2,4,1,2,1,0,0,2,4,3,3,1,4,2,6,3,3,13,7,1,3,1,1,0
Chelsea,Newcastle,12,2,4,0,6,1,2,1,7,2,10,2,4,1,11,8,5,4,4,11,0,1,2,0,0
Wolverhampton,Leeds United,9,8,5,3,1,2,3,3,4,4,6,4,0,1,10,7,4,5,8,7,3,5,0,0,1
Southampton,Chelsea,1,3,1,2,0,1,0,0,0,2,1,3,0,0,10,16,7,6,11,2,2,0,1,1,0
Burnley,West Brom,2,6,0,2,2,3,0,1,1,2,2,3,3,0,9,12,5,5,7,9,2,0,0,0,0
Liverpool,Everton,7,5,2,3,4,2,1,0,4,2,4,2,2,2,6,13,7,2,7,17,2,2,1,0,0
Fullham,Sheffield,7,0,2,0,4,0,1,0,5,1,5,0,2,0,4,10,7,6,6,14,0,2,0,0,1
West Ham United,Tottenham,3,10,3,2,0,5,0,3,3,2,2,8,3,4,10,5,8,4,9,8,2,2,1,1,1
Aston Villa,Leicester City,3,9,0,5,2,0,1,4,4,5,2,7,2,1,8,9,8,7,6,10,3,0,2,1,0
Arsenal,Manchester City,3,6,1,2,2,1,0,3,1,1,2,5,3,1,4,5,3,4,10,11,1,1,1,0,0
Manchester United,Newcastle,5,6,2,4,1,1,2,1,1,4,5,3,0,0,8,8,2,5,7,6,3,1,2,1,0
BHA ,Crystal Palace,6,1,0,1,4,0,2,0,5,0,2,1,6,1,6,8,2,7,2,10,0,0,1,1,0
Manchester City,West Ham United,2,7,2,3,0,2,0,2,1,0,1,6,2,1,3,8,7,12,1,8,2,1,2,0,1
West Brom,BHA,5,6,2,3,3,2,0,1,3,3,3,3,2,0,7,10,4,4,5,12,3,1,1,0,0
Leeds United,Aston Villa,8,7,3,4,3,2,2,1,3,4,8,4,2,3,8,6,4,7,4,6,3,3,1,0,0
Newcastle,Wolverhampton,8,7,4,2,2,4,2,1,0,1,8,6,2,3,14,7,7,4,3,4,2,4,0,1,1
Crystal Palace,Fullham,2,2,0,0,0,2,2,0,0,1,1,2,4,4,7,9,14,4,7,8,0,1,0,0,0
Leicester,Arsenal,3,5,3,2,0,2,0,1,0,4,2,3,1,9,5,4,11,3,11,0,0,2,3,1,0
Tottenham,Burnley,9,6,4,2,4,2,1,2,0,1,7,2,1,1,5,5,4,3,17,6,2,1,3,1,0
Chelsea,Manchester United,5,4,1,1,3,0,1,3,2,3,4,3,1,0,13,7,7,3,11,6,1,1,0,0,0
Sheffield,Liverpool,3,7,1,5,1,0,1,2,1,3,3,6,4,2,6,6,5,3,12,7,5,2,0,1,1
Everton ,Southampton,3,1,1,0,1,1,1,0,0,3,3,0,1,0,9,11,5,10,10,2,0,0,1,0,0
Burnley,Arsenal,4,5,3,1,1,3,0,1,0,3,2,3,0,1,8,4,8,1,6,8,0,2,2,0,0
Sheffield,Southampton,3,7,1,2,2,2,0,3,3,1,3,1,3,1,6,5,4,4,11,7,1,1,1,1,0
Aston Villa,Wolverhampton,5,3,0,0,3,1,2,2,2,0,3,3,2,1,16,6,5,4,4,22,0,0,0,0,0
BHA ,Leicester City,4,3,1,2,1,1,2,0,3,3,3,3,3,1,17,12,3,11,3,8,2,0,1,0,1
West Brom,Newcastle,5,4,3,2,1,0,1,2,3,4,5,2,3,1,7,9,8,7,11,11,2,3,0,0,0
Liverpool,Fullham,5,8,2,2,3,4,0,2,0,3,3,6,1,3,6,8,5,8,11,10,1,2,1,0,0
Manchester City,Manchester United,13,4,3,0,4,3,6,1,2,0,12,2,1,0,11,6,6,6,2,10,2,4,1,1,0
Tottenham,Crystal Palace,4,1,2,1,1,0,1,0,0,2,3,1,3,1,16,8,7,4,10,6,0,1,2,1,0
Chelsea,Everton,8,4,1,1,4,2,3,1,3,1,6,2,0,1,11,5,3,5,6,7,1,1,1,0,1
west Ham United,Leeds United,9,2,4,0,3,1,2,1,4,1,6,1,5,2,9,11,6,7,3,4,0,2,2,0,0
Newcastle,Aston Villa,5,5,1,2,2,2,2,1,1,1,5,5,2,2,11,7,6,7,8,13,2,1,0,0,0
Leeds United,Chelsea,1,7,1,3,0,1,0,3,1,3,1,6,0,2,6,10,14,12,9,7,3,1,0,0,0
Crystal Palace,West Brom,3,5,2,0,1,3,0,2,1,2,1,4,1,3,14,10,0,4,13,11,0,1,1,0,0
Everton ,Burnley,6,10,3,3,1,4,2,3,2,3,5,7,3,2,6,4,3,5,7,15,1,2,3,0,0
Fullham,Manchester City,1,4,0,3,0,1,1,0,2,1,1,2,3,1,3,7,5,5,5,9,3,0,0,1,0
Southampton,BHA,7,4,3,4,1,0,3,0,2,3,4,3,3,2,8,8,8,9,8,9,3,2,2,1,0
Leicester,Sheffield,7,0,3,0,1,0,3,0,2,0,5,0,1,2,8,4,6,8,4,9,0,2,1,0,1
Arsenal,Tottenham,10,1,1,1,7,0,2,0,4,0,9,1,2,0,7,10,4,4,1,18,0,0,2,0,1
Manchester United,West Ham United,8,0,2,0,2,0,4,0,4,1,8,0,1,1,8,5,10,4,4,18,0,2,0,1,0
Wolverhampton,Liverpool,4,5,2,1,1,1,1,3,2,1,2,5,1,1,6,4,13,8,8,13,0,2,1,0,0
Manchester City,Wolverhampton,8,0,2,0,1,0,5,0,4,0,4,0,1,0,8,4,5,3,0,14,0,2,1,0,1
Burnley,Leicester City,6,5,5,3,1,2,0,0,1,5,5,5,1,3,2,9,8,2,8,10,2,4,2,0,0
Sheffield,Aston Villa,8,5,2,1,4,3,2,1,2,2,7,5,0,1,9,6,9,4,9,7,1,1,1,0,0
Crystal Palace,Manchester United,3,7,0,1,1,3,2,3,1,3,2,6,1,6,7,4,4,4,13,4,1,0,0,0,0
West Brom,Everton,4,6,2,1,1,0,1,5,1,2,4,4,2,1,5,13,7,5,10,14,1,2,0,0,0
Liverpool,Chelsea,2,6,0,2,2,3,0,1,0,1,3,6,0,0,7,8,5,4,6,7,1,0,1,0,0
Fullham,Leeds United,5,2,4,1,1,0,0,1,6,0,4,1,1,0,10,9,6,3,17,21,0,3,2,1,0
BHA ,Newcastle,7,1,3,0,1,1,3,0,1,1,7,1,3,1,4,5,7,8,3,10,0,2,1,1,1
West Ham United,Arsenal,8,6,3,2,4,2,1,2,1,3,7,5,3,1,5,5,4,5,6,9,2,0,4,0,1
Tottenham,Southampton,6,9,0,4,4,3,2,2,2,5,3,5,3,3,11,11,5,3,11,7,3,0,1,1,0
Chelsea,West Brom,8,6,5,3,2,2,1,1,5,2,6,3,2,0,10,4,5,7,10,8,1,4,3,0,1
Leeds United,Sheffield,12,5,5,1,4,1,3,3,3,3,5,2,1,1,10,9,5,3,5,15,0,4,2,1,0
Leicester,Manchester City,0,6,0,1,0,5,0,0,0,0,0,5,0,2,9,6,6,9,6,2,1,0,0,1,1
Arsenal,Liverpool,1,6,1,1,0,4,0,1,0,2,1,4,1,4,11,11,6,4,16,5,1,1,0,0,1
Southampton,Burnley,14,3,3,3,1,0,10,0,4,2,8,2,2,0,6,12,5,6,10,19,1,1,4,0,1
Newcastle,Tottenham,11,4,4,3,3,0,4,1,4,1,6,2,4,0,5,8,4,5,7,13,1,3,3,0,0
Aston Villa,Fullham,6,8,0,3,3,3,3,2,2,4,5,5,3,2,11,11,5,1,7,13,3,0,0,0,1
Manchester United,BHA,3,5,0,3,3,0,0,2,1,5,2,3,2,3,8,11,6,12,9,7,2,0,1,0,1
Everton ,Crystal Palace,7,6,2,1,5,2,0,3,0,1,6,3,3,0,5,8,4,4,9,3,1,2,0,1,0
Wolverhampton,West Ham United,13,7,3,5,9,2,1,0,3,1,11,6,8,1,11,1,5,5,9,9,2,2,4,0,1
Fullham,Wolverhampton,3,2,0,0,2,2,1,0,1,2,3,2,3,1,11,10,3,5,2,11,0,0,0,0,0
Manchester City,Leeds United,11,1,1,1,6,0,4,0,3,3,8,1,3,1,5,11,4,3,5,14,0,1,1,0,0
Liverpool,Aston Villa,12,4,3,4,5,0,4,0,4,0,9,4,1,1,6,7,2,7,7,12,3,3,1,1,0
Crystal Palace,Chelsea,0,12,0,7,0,2,0,3,0,7,0,12,0,8,9,10,7,3,14,4,3,0,3,0,1
Burnley,Newcastle,11,5,2,1,6,2,3,2,5,2,8,3,6,5,7,4,8,4,8,12,1,2,1,1,1
West Ham United,Leicester City,3,4,3,2,0,1,0,1,1,3,3,3,1,2,4,5,3,4,7,5,2,1,2,1,1
Tottenham,Manchester United,3,1,1,0,1,0,1,1,3,1,2,1,0,1,10,8,5,7,5,4,0,0,1,1,1
Sheffield,Arsenal,2,8,1,2,1,2,0,4,1,4,1,6,0,2,10,7,3,1,10,2,1,1,1,0,1
West Brom,Southampton,13,5,5,2,5,3,3,0,5,3,11,3,3,1,4,7,6,11,5,13,2,3,2,0,1
BHA ,Everton,9,4,2,0,4,4,3,0,3,1,5,1,0,1,10,3,5,9,8,8,0,2,0,0,0
Everton ,Tottenham,10,4,5,1,3,1,2,2,1,0,8,3,2,0,11,8,6,3,4,6,0,4,2,0,1
Newcastle,West Ham United,11,4,6,1,0,2,5,1,3,2,8,2,0,3,6,2,7,4,16,5,1,4,2,0,1
Wolverhampton,Sheffield,4,2,2,1,1,1,1,0,3,1,3,1,3,0,3,10,6,5,6,8,1,1,0,1,0
Arsenal,Fullham,3,2,1,0,2,0,0,2,3,1,3,1,2,0,7,8,4,6,4,13,0,1,0,1,0
Manchester United,Burnley,7,4,2,1,3,3,2,0,3,1,7,4,4,1,8,7,1,5,5,10,1,2,0,0,0
Leeds United,Liverpool,4,10,2,4,2,3,0,3,2,4,4,9,2,1,14,5,7,4,9,8,3,2,1,0,0
Chelsea,BHA,3,4,2,1,1,1,0,2,0,1,2,2,0,0,6,7,5,7,5,5,1,2,0,0,0
Aston Villa,Manchester City,6,8,2,3,2,3,2,2,0,7,6,7,1,3,6,2,5,2,17,2,1,1,3,0,0
Leicester,West Brom,12,2,6,1,3,1,3,0,3,1,11,1,0,0,9,3,8,4,2,6,1,3,3,0,0
Southampton,Crystal Palace,6,5,3,3,1,1,2,1,8,3,5,2,1,1,7,7,2,8,11,11,2,2,2,1,1
Fullham,Tottenham,4,6,0,1,4,4,0,1,0,0,3,5,1,1,4,10,5,4,1,3,1,0,1,0,0
Manchester City,Southampton,7,6,4,4,2,2,1,0,1,3,4,4,1,1,5,9,7,6,3,5,3,1,4,1,0
Arsenal,Everton,6,7,1,1,0,3,5,3,1,1,6,3,2,1,6,14,4,3,7,5,1,1,0,0,1
Liverpool,Newcastle,12,1,4,1,5,0,3,0,2,2,11,1,6,1,13,7,4,6,5,5,1,3,1,0,0
West Ham United,Chelsea,3,6,0,3,2,2,1,1,4,1,2,6,0,2,11,7,6,2,9,15,2,0,1,0,0
Sheffield,BHA,5,4,1,1,1,1,3,2,1,4,3,4,1,1,7,6,5,3,10,6,1,0,1,0,0
Wolverhampton,Burnley,9,9,2,4,3,4,4,1,4,3,7,9,5,6,6,7,3,5,10,4,1,2,3,0,0
Leeds United,Manchester United,3,9,1,2,1,5,1,2,1,2,2,6,1,4,15,5,3,6,7,9,2,1,0,0,0
Aston Villa,West Brom,7,5,4,2,2,3,1,0,3,1,6,1,5,3,9,4,6,3,6,10,1,3,2,1,0
Leicester,Crystal Palace,6,2,1,1,3,0,2,1,3,0,4,2,2,0,8,8,5,10,2,10,0,1,1,1,0
Southampton,Leicester City,3,5,2,4,0,1,1,0,0,4,3,4,0,9,8,7,4,1,11,3,4,2,0,0,1
Crystal Palace,Manchester City,6,5,2,0,3,3,1,2,1,1,5,4,2,1,8,11,11,5,9,2,0,2,0,1,0
BHA ,Leeds United,8,6,3,2,3,2,2,2,1,8,6,4,3,1,5,11,6,3,20,6,2,2,1,0,0
Chelsea,Fullham,4,7,3,3,0,2,1,2,1,4,4,6,0,2,9,12,2,5,14,5,3,2,1,1,0
Everton ,Aston Villa,9,10,2,4,2,4,5,2,3,4,8,4,3,3,9,9,2,3,8,10,3,1,2,0,0
Newcastle,Arsenal,3,13,1,4,2,7,0,2,2,4,3,12,2,6,4,3,4,4,10,4,2,1,1,0,1
Tottenham,Sheffield,10,4,5,0,4,2,1,2,3,0,7,3,0,2,7,9,5,6,5,8,0,3,1,0,1
West Brom,Wolverhampton,4,11,1,6,3,4,0,1,3,3,3,7,2,3,11,8,7,3,3,9,5,0,1,0,1
Burnley,West Ham United,2,10,2,3,0,4,0,3,1,0,1,10,0,5,3,8,4,7,9,13,1,0,3,0,0
Manchester United,Liverpool,7,10,1,4,4,2,2,4,2,4,5,7,4,2,13,11,4,7,8,9,2,0,3,1,1
Leicester,Newcastle,7,9,4,3,1,3,2,3,2,5,6,4,4,3,8,7,7,3,11,11,1,4,2,1,1
Leeds United,Tottenham,8,3,4,1,1,0,3,2,6,2,7,3,4,2,8,9,10,4,10,12,0,3,3,0,0
Sheffield,Crystal Palace,2,12,0,4,2,5,0,3,1,7,2,8,2,2,8,6,5,6,9,5,3,0,1,0,0
Manchester City,Chelsea,7,6,3,1,2,3,2,2,4,0,4,4,0,0,4,10,6,1,4,7,1,2,1,0,1
Liverpool,Southampton,9,8,4,3,3,4,2,1,4,3,7,7,3,2,10,6,5,3,11,6,3,3,1,0,0
Wolverhampton,BHA,3,5,1,3,1,1,1,1,3,4,3,5,1,3,6,6,4,6,10,4,2,1,1,0,0
Aston Villa,Manchester United,5,9,2,4,2,3,1,2,3,2,2,8,0,0,7,4,7,5,12,6,4,1,1,1,0
West Ham United,Everton,6,5,0,3,2,2,4,0,2,6,5,4,4,2,8,10,3,3,9,14,2,0,1,0,0
Arsenal,West Brom,9,7,4,0,4,5,1,2,5,1,8,4,3,3,7,7,9,8,12,6,0,2,2,0,0
Fullham,Burnley,6,12,2,4,2,6,2,2,1,4,5,10,1,5,8,9,2,5,11,15,2,2,2,0,0
Manchester United,Leicester City,1,3,1,1,0,0,0,2,0,2,1,2,2,5,4,5,6,10,6,1,0,0,2,0,1
Chelsea,Arsenal,8,2,3,1,3,0,2,1,3,1,6,1,3,1,1,6,3,3,4,10,1,2,1,0,0
Newcastle,Manchester City,5,8,2,4,2,4,1,0,2,3,3,6,3,1,10,8,5,3,14,6,2,0,4,0,1
Burnley,Leeds United,4,9,1,2,2,4,1,3,2,6,2,5,0,1,3,4,4,4,17,9,1,1,1,1,0
Southampton,Fullham,4,5,3,1,1,3,0,1,2,2,3,4,2,2,9,10,2,8,6,4,1,1,1,1,1
BHA ,West Ham United,3,7,0,2,0,3,3,2,2,2,3,7,1,3,5,2,5,7,12,2,1,0,0,0,0
Crystal Palace,Aston Villa,11,9,4,3,2,4,5,2,1,4,8,7,4,6,6,3,5,7,15,14,1,3,3,0,0
Tottenham,Wolverhampton,12,4,6,1,4,2,2,1,5,1,9,4,1,0,5,9,5,9,3,15,1,3,1,0,1
West Brom,Liverpool,4,13,1,3,2,5,1,5,2,5,3,11,3,3,5,2,10,4,9,10,2,0,2,0,0
Everton ,Sheffield,8,6,4,3,2,1,2,2,6,1,6,4,2,0,11,9,4,5,6,13,2,4,1,0,0
Southampton,Leeds United,9,5,2,0,5,4,2,1,3,2,4,4,1,2,9,16,8,12,8,8,0,1,0,0,1
Manchester United,Fullham,6,2,3,2,3,0,0,0,4,1,4,2,2,1,9,10,2,11,5,10,2,2,1,0,0
BHA ,Manchester City,7,4,1,1,2,1,4,2,3,3,6,4,3,3,10,7,7,1,5,15,0,1,1,1,1
Chelsea,Leicester City,11,1,3,0,4,1,4,0,4,3,10,0,3,2,7,11,6,4,8,8,0,3,0,1,1
Newcastle,Sheffield,12,2,4,0,6,2,2,0,4,0,9,2,6,2,2,9,4,2,7,10,0,3,1,0,0
Everton ,Wolverhampton,6,7,2,2,1,2,3,3,3,10,6,3,3,3,13,4,4,5,17,5,2,2,0,1,0
Tottenham,Aston Villa,2,11,1,3,0,6,1,2,0,1,1,8,1,2,8,10,4,6,5,2,2,0,3,0,0
Crystal Palace,Arsenal,5,3,2,1,2,0,1,2,3,6,5,3,6,3,12,7,1,5,16,12,0,2,1,0,1
West Brom,West Ham United,8,12,3,4,2,5,3,3,4,5,3,8,1,2,5,10,9,6,13,15,3,2,2,0,0
Burnley,Liverpool,5,13,1,1,2,7,2,5,2,2,4,10,0,3,8,10,7,3,6,14,0,2,1,1,0
Aston Villa,Chelsea,5,9,2,4,3,4,0,1,1,5,4,7,1,4,7,8,4,7,20,5,4,1,1,1,1
Leeds United,West Brom,4,4,2,1,1,2,1,1,2,0,3,3,1,2,13,8,3,3,6,6,1,0,2,0,0
Wolverhampton,Manchester United,5,7,1,3,3,4,1,0,4,2,3,5,2,3,8,8,5,5,6,9,1,0,3,0,0
Fullham,Newcastle,8,6,0,3,4,1,4,2,2,4,4,3,2,0,12,7,8,5,7,18,2,0,1,0,0
Leicester,Tottenham,5,4,3,1,0,0,2,3,2,3,4,3,1,3,14,8,9,6,3,3,0,2,2,1,0
Manchester City,Everton,8,7,4,3,3,1,1,3,4,2,7,3,2,0,5,6,5,5,4,12,3,2,2,1,1
West Ham United,Southampton,9,8,6,2,3,4,0,2,1,1,7,7,2,1,5,11,3,4,5,7,2,4,2,0,0
Sheffield,Burnley,6,6,2,3,3,1,1,2,2,4,3,4,3,3,13,6,2,2,13,10,3,1,1,0,0
Liverpool,Crystal Palace,12,4,2,3,7,1,3,0,8,1,10,2,4,1,5,9,2,6,2,13,3,1,1,0,1
Arsenal,BHA,11,2,3,0,4,1,4,1,8,1,10,1,3,0,6,5,1,7,3,11,0,3,0,1,1
Brentford,Arsenal,5,7,1,1,4,5,0,1,1,2,4,5,1,4,11,2,4,4,5,8,1,0,1,0,1
Manchester United,Leeds United,11,5,4,2,4,2,3,1,5,4,10,4,1,2,5,14,2,4,8,13,2,3,1,1,1
Watford,Aston Villa,9,2,4,0,4,1,1,1,1,2,7,2,1,1,4,4,5,6,10,3,0,2,2,0,1
Leicester,Wolverhampton,7,3,5,0,2,2,0,1,2,0,6,2,2,0,8,10,9,6,4,12,0,4,1,0,0
Everton ,Southampton,5,3,1,2,3,1,1,0,1,2,2,2,2,2,10,10,3,4,9,8,1,1,1,1,0
Chelsea,Crystal Palace,9,0,4,0,4,0,1,0,4,0,3,0,3,5,12,7,2,4,2,16,0,2,2,1,0
Burnley,BHA,7,6,3,2,4,3,0,1,2,4,4,3,1,3,8,7,4,3,6,13,2,2,1,0,1
Norwich,Liverpool,4,10,1,4,2,3,1,3,1,8,2,7,1,4,8,10,4,4,21,6,2,1,1,0,1
Newcastle,West Ham United,11,9,3,3,4,2,4,4,4,4,10,7,4,3,4,12,5,3,10,9,1,1,3,1,1
Tottenham,Manchester City,6,8,1,0,3,4,2,4,2,3,5,3,1,1,9,8,5,1,9,4,0,0,0,1,0
Liverpool,Burnley,10,3,2,2,6,1,2,0,2,2,7,3,4,2,12,4,3,8,12,10,2,1,1,0,1
Manchester City,Norwich,6,0,1,0,2,0,3,0,2,0,5,0,1,0,5,6,3,3,0,8,0,0,2,0,1
Leeds United,Everton,9,7,3,2,3,2,3,3,2,2,6,6,2,2,9,7,6,8,4,8,1,2,2,1,1
Crystal Palace,Brentford,2,10,1,2,1,4,0,4,1,2,2,7,0,1,6,11,7,5,9,5,2,1,0,0,0
Aston Villa,Newcastle,5,3,1,0,4,3,0,0,2,1,4,3,2,3,8,4,3,2,9,17,0,0,1,0,1
BHA ,Watford,3,2,2,0,1,1,0,1,3,1,3,2,2,0,10,5,4,4,6,15,0,0,2,0,0
Wolverhampton,Tottenham,8,1,3,1,4,0,1,0,3,0,6,0,2,0,10,10,4,3,1,14,0,3,1,0,0
Southampton,Manchester United,4,8,1,2,2,4,1,2,3,4,2,5,2,4,13,9,12,4,10,4,1,1,1,1,0
Arsenal,Chelsea,2,10,1,3,1,2,0,5,4,2,2,9,1,3,3,4,3,6,2,13,1,1,2,0,0
West Ham United,Leicester City,9,2,2,0,5,2,2,0,3,0,6,2,4,0,9,6,5,2,6,11,0,1,1,1,1
Manchester City,Arsenal,6,1,3,0,2,1,1,0,5,0,5,1,4,1,8,5,2,6,3,18,0,0,3,1,0
West Ham United,Crystal Palace,8,1,1,0,0,0,7,1,4,1,7,1,5,1,4,8,7,9,6,23,0,0,1,1,1
Norwich,Leicester City,5,4,3,2,2,1,0,1,4,4,3,3,1,2,8,5,6,5,7,9,1,2,2,0,0
Newcastle,Southampton,4,11,1,3,3,5,0,3,1,1,3,10,3,0,20,6,1,1,8,3,3,1,0,1,1
BHA ,Everton,4,6,0,2,2,3,2,1,2,3,3,6,3,4,12,9,3,7,6,4,1,0,1,1,0
Aston Villa,Brentford,4,5,3,2,1,1,0,2,2,1,3,5,3,0,8,11,4,2,8,14,1,2,2,0,0
Liverpool,Chelsea,10,4,1,2,8,1,1,1,4,2,6,4,3,1,7,10,8,6,3,16,1,0,2,0,0
Tottenham,Watford,8,5,4,1,2,1,2,3,3,1,5,4,2,0,7,7,6,2,4,18,1,3,1,0,0
Burnley,Leeds United,3,6,0,0,3,4,0,2,3,2,3,5,1,1,7,9,4,3,6,11,0,0,0,0,1
Wolverhampton,Manchester United,9,5,3,4,3,0,3,1,3,2,7,3,0,0,6,4,5,6,6,9,0,2,0,0,0
Crystal Palace,Tottenham,7,0,1,0,3,0,3,0,3,1,4,0,2,0,9,10,4,8,5,14,0,1,0,0,0
Southampton,West Ham United,3,5,1,0,1,1,1,4,2,1,2,1,0,0,3,7,8,9,7,9,0,1,0,0,0
Manchester United,Newcastle,14,6,3,0,7,4,4,2,4,1,11,2,2,0,15,9,2,6,9,13,0,2,1,1,1
Watford,Wolverhampton,4,8,2,3,2,3,0,2,3,4,3,6,1,1,11,5,7,5,12,7,3,2,0,0,1
Leicester,Manchester City,2,12,0,5,1,1,1,6,3,5,2,7,3,5,9,7,2,3,13,1,5,1,0,0,1
Brentford,BHA,6,1,1,1,5,0,0,0,0,2,6,1,1,0,12,9,5,5,7,4,1,1,0,0,0
Arsenal,Norwich,10,4,1,1,6,1,3,2,4,1,7,3,5,1,6,11,0,2,6,12,1,1,0,0,1
Chelsea,Aston Villa,5,11,2,4,2,2,1,5,3,4,3,7,1,4,4,9,4,9,21,16,4,1,1,1,0
Leeds United,Liverpool,3,13,1,3,1,4,1,6,0,4,3,11,2,1,11,4,7,6,11,6,2,1,1,1,0
Everton ,Burnley,4,6,2,3,2,2,0,1,2,3,3,6,1,5,5,3,9,8,10,8,3,2,0,1,1
Newcastle,Leeds United,7,13,3,5,3,6,1,2,1,4,6,11,1,2,9,10,4,2,15,11,4,2,2,0,0
Wolverhampton,Brentford,7,4,0,3,5,1,2,0,1,2,5,2,0,1,3,7,4,4,5,7,1,0,2,0,0
Norwich,Watford,5,7,2,4,2,2,1,1,1,4,4,7,2,3,5,3,8,4,12,6,3,1,2,0,1
Manchester City,Southampton,8,3,0,1,4,0,4,2,4,2,5,3,3,0,7,8,6,12,9,11,1,0,0,0,0
Liverpool,Crystal Palace,14,7,5,1,3,3,6,3,6,3,8,5,9,3,8,10,5,8,13,15,1,4,1,0,0
Burnley,Arsenal,6,6,1,1,5,2,0,3,2,1,4,3,2,0,6,4,6,5,11,11,0,1,1,0,0
Aston Villa,Everton,7,5,1,1,3,2,3,2,2,4,4,5,3,4,5,11,6,4,7,9,1,1,0,0,1
West Ham United,Manchester United,6,10,2,7,3,2,1,1,0,6,5,9,1,3,5,6,0,0,19,7,6,1,2,0,0
BHA ,Leicester City,9,3,4,0,3,1,2,2,3,3,7,3,4,2,9,9,11,6,6,8,0,3,1,1,1
Tottenham,Chelsea,6,6,1,0,3,3,2,3,4,2,4,5,2,2,11,5,5,9,9,14,0,1,0,1,0
Manchester United,Aston Villa,15,4,2,1,4,2,9,1,4,1,9,2,5,1,6,5,4,11,8,11,1,2,0,0,0
Chelsea,Manchester City,1,6,0,0,0,3,1,3,1,9,1,6,0,2,7,10,1,4,16,4,0,0,0,1,0
Watford,Newcastle,6,11,2,2,2,4,2,5,2,5,3,8,0,2,6,10,3,6,7,12,1,2,1,0,1
Leicester,Burnley,11,5,3,2,5,2,3,1,1,4,9,4,1,0,5,5,3,2,9,10,1,1,3,0,0
Leeds United,West Ham United,10,10,3,3,3,6,4,1,2,4,8,9,1,0,5,6,4,3,8,2,3,2,1,0,1
Everton ,Norwich,4,3,2,1,0,1,2,1,3,1,3,3,0,1,10,6,3,13,3,10,1,1,1,0,0
Brentford,Liverpool,6,10,2,4,3,3,1,3,0,4,4,7,3,5,5,6,7,4,8,8,2,0,2,1,1
Southampton,Wolverhampton,7,1,2,1,2,0,3,0,0,2,5,1,0,1,5,6,8,3,5,11,1,2,0,0,1
Arsenal,Tottenham,6,4,4,1,1,3,1,0,1,2,5,3,3,2,14,7,6,5,5,4,1,1,3,0,0
Crystal Palace,BHA,7,3,3,1,1,2,3,0,3,1,4,2,3,0,4,11,4,5,1,5,1,2,1,0,0
Manchester United,Everton,5,7,4,1,1,3,0,3,4,0,5,7,3,3,2,10,3,4,7,15,1,3,1,0,1
Wolverhampton,Newcastle,5,2,2,1,2,1,1,0,0,2,5,2,1,1,9,7,3,6,14,2,0,1,2,1,0
Leeds United,Watford,12,3,3,0,6,2,3,1,1,1,10,2,2,0,5,9,1,1,4,13,0,2,1,0,0
Chelsea,Southampton,10,4,4,1,3,3,3,0,5,1,8,3,2,1,10,10,3,5,7,3,1,3,1,0,1
Burnley,Norwich,7,4,2,1,0,1,5,2,6,1,4,3,4,0,7,8,5,6,4,21,1,3,0,0,0
BHA ,Arsenal,8,4,0,1,6,2,2,1,5,0,7,1,3,0,6,3,2,4,8,11,1,0,0,0,0
West Ham United,Brentford,6,9,1,3,2,3,3,3,6,3,4,4,3,1,6,1,4,8,7,12,2,1,1,0,0
Tottenham,Aston Villa,6,4,3,0,2,2,1,2,0,4,4,1,1,1,8,14,10,7,23,1,0,2,1,0,1
Crystal Palace,Leicester City,5,6,2,4,1,1,2,1,0,1,3,3,0,1,8,21,1,6,5,6,2,2,2,0,1
Liverpool,Manchester City,1,7,0,1,0,3,1,3,2,2,1,6,1,1,7,5,8,6,7,9,1,0,0,1,1
Watford,Liverpool,0,7,0,3,0,1,0,3,0,7,0,6,0,1,7,7,4,1,23,2,1,0,2,1,0
Southampton,Leeds United,12,1,3,0,8,1,1,0,5,0,8,1,5,0,5,8,2,10,1,11,0,2,0,1,0
Norwich,BHA,7,5,2,2,2,1,3,2,6,3,4,4,3,4,1,7,4,5,9,13,2,1,0,0,0
Manchester City,Burnley,8,3,4,1,2,2,2,0,1,2,5,1,2,0,6,4,4,6,8,10,1,3,1,0,1
Leicester,Manchester United,6,8,3,3,1,3,2,2,0,3,4,7,1,2,5,6,4,5,2,6,2,2,2,0,0
Aston Villa,Wolverhampton,8,3,3,1,5,1,0,1,2,2,8,2,1,1,6,4,5,6,8,9,1,3,0,1,1
Brentford,Chelsea,2,4,0,1,1,2,1,1,2,4,2,1,2,0,10,7,2,6,9,8,0,0,1,0,0
Everton ,West Ham United,5,7,1,1,3,3,1,3,2,2,4,4,1,2,5,5,7,2,10,7,1,1,0,0,1
Newcastle,Tottenham,4,8,1,4,3,1,0,3,1,3,4,7,3,1,11,11,4,4,5,4,1,0,4,0,0
Arsenal,Crystal Palace,5,4,3,3,1,1,1,0,2,3,3,3,1,2,9,5,7,4,5,6,3,2,1,1,1
Burnley,Manchester City,4,5,1,3,2,2,1,0,1,1,3,5,1,2,8,7,4,2,6,2,1,1,2,0,1
Arsenal,Nottingham Forest,7,1,3,0,2,1,2,0,5,0,6,1,3,0,9,8,0,5,2,10,0,1,2,0,0
Sheffield,Crystal Palace,4,14,1,3,2,5,1,6,4,4,3,11,3,2,10,8,5,2,20,5,3,1,0,1,0
Everton ,Fullham,19,9,9,2,6,6,4,1,10,4,14,7,5,3,13,10,13,4,16,29,1,9,0,0,1
BHA ,Lutton Town,15,6,3,1,8,3,4,2,3,3,14,5,5,4,5,8,4,8,5,16,1,2,1,0,0
Bournemouth,West Ham United,3,10,2,2,1,7,0,1,4,3,2,8,0,4,10,16,3,2,6,12,1,2,0,1,0
Newcastle,Aston Villa,5,7,4,2,1,3,0,2,1,1,5,7,2,2,11,3,5,6,7,8,1,2,3,1,0
Brentford,Tottenham,7,8,4,2,1,3,2,3,3,1,5,5,2,1,9,7,2,7,10,10,0,2,4,0,0
Chelsea,Liverpool,6,6,2,1,3,4,1,1,2,0,6,5,5,1,8,12,3,2,5,16,0,2,2,0,0
Manchester United,Wolverhampton,8,5,1,0,2,1,5,4,4,1,7,5,2,2,9,8,4,9,3,9,0,1,0,0,0
Nottingham Forest,Sheffield,9,1,2,1,5,0,2,0,4,3,8,0,4,2,7,8,5,8,13,7,1,1,1,1,0
Wolverhampton,BHA,8,6,2,2,4,3,2,1,1,3,7,6,2,0,11,10,1,7,4,6,1,2,1,1,1
Luton Town,Burnley,,,,,,,,,,,,,,,,,,,,,,,,,
Liverpool,Bournemouth,14,3,5,2,5,1,4,0,7,0,9,3,4,1,8,10,7,8,7,17,1,3,3,0,1
Fullham,Brentford,4,8,0,4,2,4,2,0,3,2,1,3,0,2,3,2,1,5,13,18,3,0,1,0,1
Tottenham,Manchester United,7,14,3,3,3,5,1,6,2,4,6,13,3,3,7,11,3,5,9,9,3,3,0,1,0
Manchester City,Newcastle,9,1,1,0,2,0,6,2,1,0,8,2,1,1,7,3,2,4,6,7,0,0,1,0,0
Aston Villa,Everton,7,3,4,1,2,2,1,0,4,2,6,2,2,1,3,7,2,2,12,5,1,2,2,1,1
West Ham United,Chelsea,6,11,2,3,2,6,2,2,2,5,5,7,3,5,7,6,10,0,15,10,2,1,2,1,0
Crystal Palace,Arsenal,5,9,1,1,1,5,3,3,0,5,3,7,0,2,9,6,2,3,13,2,1,1,0,1,0
Chelsea,Lutton Town,7,3,2,0,2,2,3,1,3,2,4,2,2,2,1,8,5,1,5,12,0,1,1,0,1
Bournemouth,Tottenham,6,9,2,5,1,2,3,2,4,2,4,6,2,2,6,10,2,5,7,15,4,2,1,0,1
Manchester United,Nottingham Forest,9,3,5,2,2,0,2,1,4,1,8,2,1,0,8,10,3,7,8,16,0,5,3,1,0
Everton ,Wolverhampton,8,6,2,0,5,4,1,2,2,0,4,5,2,3,11,10,6,2,5,7,0,2,0,0,0
Brentford,Crystal Palace,5,5,1,1,3,2,1,2,3,0,5,4,2,3,7,5,2,5,3,3,1,0,1,0,0
Arsenal,Fullham,8,6,4,1,2,3,2,2,4,1,7,2,5,0,7,5,5,5,6,12,0,4,1,0,1
BHA ,West Ham United,9,4,2,2,3,1,4,1,6,3,7,2,4,0,3,8,3,11,7,17,1,2,1,1,1
Sheffield,Manchester City,0,12,0,3,0,4,0,5,0,5,0,8,0,5,5,9,3,3,20,2,3,0,0,0,1
Burnley,Aston Villa,2,8,0,4,2,3,0,1,1,2,2,7,1,2,5,10,5,4,5,3,2,0,2,1,1
Newcastle,Liverpool,8,4,4,2,2,2,2,0,3,4,3,3,2,3,10,6,4,5,5,11,2,3,1,0,0
Luton Town,West Ham United,8,6,0,1,7,4,1,1,4,3,6,3,5,0,7,8,5,4,11,19,0,0,1,0,0
Sheffield,Everton,6,9,4,3,2,1,0,5,2,4,4,6,2,3,6,9,5,5,13,6,2,3,3,1,0
Burnley,Tottenham,4,13,1,6,2,1,1,6,1,3,2,8,1,2,14,11,4,4,7,5,4,0,3,1,1
Manchester City,Fullham,3,3,2,2,1,0,0,1,2,3,3,2,3,1,9,7,5,7,6,7,1,0,3,1,1
Chelsea,Nottingham Forest,11,3,1,0,3,3,7,0,3,0,7,1,1,0,11,6,4,8,9,7,0,1,0,1,0
Brentford,Bournemouth,6,7,2,3,3,2,1,2,1,0,3,4,1,0,12,13,4,0,8,9,2,2,2,0,0
BHA ,Newcastle,12,4,4,0,5,3,3,1,4,1,9,4,5,1,2,9,3,3,4,8,1,4,1,0,1
Liverpool,Aston Villa,8,3,2,0,4,3,2,0,2,1,8,3,1,2,6,7,4,4,7,9,0,1,2,1,0
Crystal Palace,Wolverhampton,6,9,3,1,2,6,1,2,1,2,5,7,1,2,14,15,5,3,13,3,1,2,0,1,1
Arsenal,Manchester United,9,3,1,1,3,1,5,1,8,1,7,3,3,0,5,9,4,5,3,12,0,0,2,0,0
Wolverhampton,Liverpool,8,5,2,2,5,3,1,0,4,1,7,3,6,3,11,11,6,4,8,12,1,1,1,1,0
West Ham United,Manchester City,3,17,2,7,1,2,0,8,2,8,3,14,2,2,8,7,2,3,19,2,5,1,1,1,0
Tottenham,Sheffield,12,3,7,2,3,0,2,1,5,1,11,3,3,1,5,9,2,4,3,13,2,7,0,0,1
Manchester United,BHA,8,3,1,1,2,2,5,0,3,0,7,3,1,2,8,14,2,5,1,7,0,1,1,1,1
Fullham,Lutton Town,5,3,1,1,3,2,1,0,2,0,3,3,4,2,6,8,6,4,4,7,1,1,0,0,1
Aston Villa,Crystal Palace,7,2,1,0,3,1,3,1,1,1,5,2,5,0,10,12,4,8,2,15,0,1,0,1,0
Newcastle,Brentford,7,4,1,1,4,1,2,2,3,2,5,4,4,2,7,15,4,3,7,15,1,1,0,0,1
Bournemouth,Chelsea,,,,,,,,,,,,,,,,,,,,,,,,,
Everton ,Arsenal,,,,,,,,,,,,,,,,,,,,,,,,,
Nottingham Forest,Burnley,,,,,,,,,,,,,,,,,,,,,,,,,
